INSERT INTO  YCC_API_GROUP (ID, PROJECT_VERSION_ID, GROUP_NAME, SORT, DEL, CREATE_TIME, UPDATE_TIME) VALUES ('1344482617675087873', '1344477934692728834', 'ces', 0, 1, '2020-12-31 11:16:50.000000', '2020-12-31 11:16:50.000000');
INSERT INTO  YCC_API_GROUP (ID, PROJECT_VERSION_ID, GROUP_NAME, SORT, DEL, CREATE_TIME, UPDATE_TIME) VALUES ('1344482979714826242', '1344477934692728834', 'test', 0, 1, '2020-12-31 11:18:16.000000', '2020-12-31 11:18:16.000000');
INSERT INTO  YCC_API_GROUP (ID, PROJECT_VERSION_ID, GROUP_NAME, SORT, DEL, CREATE_TIME, UPDATE_TIME) VALUES ('1344483240608923649', '1344477934692728834', 'a', 0, 1, '2020-12-31 11:19:19.000000', '2020-12-31 11:19:19.000000');
INSERT INTO  YCC_API_GROUP (ID, PROJECT_VERSION_ID, GROUP_NAME, SORT, DEL, CREATE_TIME, UPDATE_TIME) VALUES ('1344486291948306434', '1344486289968594946', 'ces', 0, 1, '2020-12-31 11:31:26.000000', '2020-12-31 11:31:26.000000');
INSERT INTO  YCC_API_GROUP (ID, PROJECT_VERSION_ID, GROUP_NAME, SORT, DEL, CREATE_TIME, UPDATE_TIME) VALUES ('1344486292204158978', '1344486289968594946', 'test', 0, 1, '2020-12-31 11:31:26.000000', '2020-12-31 11:31:26.000000');
INSERT INTO  YCC_API_GROUP (ID, PROJECT_VERSION_ID, GROUP_NAME, SORT, DEL, CREATE_TIME, UPDATE_TIME) VALUES ('1344486292464205826', '1344486289968594946', 'a', 0, 1, '2020-12-31 11:31:26.000000', '2020-12-31 11:31:26.000000');
INSERT INTO  YCC_API_GROUP (ID, PROJECT_VERSION_ID, GROUP_NAME, SORT, DEL, CREATE_TIME, UPDATE_TIME) VALUES ('1344489783706386433', '1344477934692728834', '用户相关', 0, 0, '2020-12-31 11:45:19.000000', '2020-12-31 11:45:19.000000');
INSERT INTO  YCC_API_GROUP (ID, PROJECT_VERSION_ID, GROUP_NAME, SORT, DEL, CREATE_TIME, UPDATE_TIME) VALUES ('1344489887632850945', '1344489885745414145', '用户相关', 0, 1, '2020-12-31 11:45:43.000000', '2020-12-31 11:45:43.000000');
INSERT INTO  YCC_API_GROUP (ID, PROJECT_VERSION_ID, GROUP_NAME, SORT, DEL, CREATE_TIME, UPDATE_TIME) VALUES ('1344609002920640513', '1344477934692728834', '87', 0, 1, '2020-12-31 19:39:03.000000', '2020-12-31 19:39:03.000000');
INSERT INTO  YCC_API_INFO (ID, GROUP_ID, API_URL, REQ_METHOD, REQ_HEADERS, REQ_DATA_TYPE, REQ_CONTENT, RES_DATA_TYPE, RES_CONTENT, PROJECT_VERSION_ID, API_DESC, STATUS, DEL, CREATE_TIME, UPDATE_TIME) VALUES ('1342721467474776065', '0', '/user/login', 'POST', '[{"key":"Content-Type","value":"application/json;charset=utf-8"}]', 'application/json;charset=utf-8', '{"body":{"definitions":[{"name":"username","desc":"用户名","type":"String","required":1,"propertys":[]},{"name":"password","desc":"密码 (MD5加密后传入)","type":"String","required":1,"propertys":[]},{"name":"vaildCode","desc":"验证码","type":"String","required":1,"propertys":[]}]},"query":{"definitions":[{"name":"clientType","desc":"请求客户端类型 1pc端 2app端","type":"String","required":1}]},"param":{"definitions":[]}}', 'JSON', '{"successed":{"json":"{    \"data\": {        \"fileId\": 1    },    \"code\": 200}","desced":true,"propertyDescs":[{"name":"data","desc":"响应数据","required":1,"propertys":[{"name":"fileId","desc":"文件id","required":1,"propertys":[],"type":"Number"}],"type":"Object"},{"name":"code","desc":"code","required":1,"propertys":[],"type":"Number"}]},"errored":{"json":"{    \"code\": \"500\",    \"msg\": \"异常消息\"}","desced":true,"propertyDescs":[{"name":"code","desc":"状态码","required":1,"propertys":[],"type":"String"},{"name":"msg","desc":"异常消息","required":1,"propertys":[],"type":"String"}]}}', '1', '登录', 1, 1, '2020-12-26 14:38:39.000000', '2020-12-26 15:54:29.000000');
INSERT INTO  YCC_API_INFO (ID, GROUP_ID, API_URL, REQ_METHOD, REQ_HEADERS, REQ_DATA_TYPE, REQ_CONTENT, RES_DATA_TYPE, RES_CONTENT, PROJECT_VERSION_ID, API_DESC, STATUS, DEL, CREATE_TIME, UPDATE_TIME) VALUES ('1342741555456323586', '0', '/user/{userId}', 'DELETE', null, 'application/json', '{"body":{"definitions":[]},"query":{"definitions":[]},"param":{"definitions":[{"name":"userId","desc":"用户ID","type":"String","required":1}]}}', 'JSON', '{"successed":{"json":"{    \"msg\": \"删除成功\",    \"code\": 200 }","desced":true,"propertyDescs":[{"name":"msg","desc":"响应消息","required":1,"propertys":[],"type":"String"},{"name":"code","desc":"状态码","required":1,"propertys":[],"type":"Number"}]},"errored":{"json":"{    \"code\": 500,    \"msg\": \"异常消息\"}","desced":true,"propertyDescs":[{"name":"code","desc":"状态码","required":1,"propertys":[],"type":"Number"},{"name":"msg","desc":"异常消息","required":1,"propertys":[],"type":"String"}]}}', '1', '删除用户', 1, 1, '2020-12-26 15:58:28.000000', '2020-12-26 15:58:28.000000');
INSERT INTO  YCC_API_INFO (ID, GROUP_ID, API_URL, REQ_METHOD, REQ_HEADERS, REQ_DATA_TYPE, REQ_CONTENT, RES_DATA_TYPE, RES_CONTENT, PROJECT_VERSION_ID, API_DESC, STATUS, DEL, CREATE_TIME, UPDATE_TIME) VALUES ('1342744199402958849', '0', '/user/{userId}', 'GET', null, 'application/json', '{"body":{"definitions":[]},"query":{"definitions":[{"name":"clientType","desc":"客户端标识","type":"String","required":0}]},"param":{"definitions":[{"name":"userId","desc":"用户ID","type":"String","required":1}]}}', 'JSON', '{"successed":{"json":"{    \"code\": 200,    \"data\": {        \"user\": {            \"name\": \"张三\"        }    }}","desced":true,"propertyDescs":[{"name":"code","desc":"状态码","required":1,"propertys":[],"type":"Number"},{"name":"data","desc":"响应体","required":1,"propertys":[{"name":"user","desc":"用户","required":1,"propertys":[{"name":"name","desc":"用户名称","required":1,"propertys":[],"type":"String"}],"type":"Object"}],"type":"Object"}]},"errored":{"json":"{    \"code\": 500 }","desced":true,"propertyDescs":[{"name":"code","desc":"状态码","required":1,"propertys":[],"type":"Number"}]}}', '1', '添加用户', 1, 1, '2020-12-26 16:08:57.000000', '2020-12-26 16:12:01.000000');
INSERT INTO  YCC_API_INFO (ID, GROUP_ID, API_URL, REQ_METHOD, REQ_HEADERS, REQ_DATA_TYPE, REQ_CONTENT, RES_DATA_TYPE, RES_CONTENT, PROJECT_VERSION_ID, API_DESC, STATUS, DEL, CREATE_TIME, UPDATE_TIME) VALUES ('1342746697152933890', '0', '/user/update', 'PUT', '[{"key":"Content-Type","value":"application/json"}]', 'application/json', '{"body":{"definitions":[{"name":"name","desc":"用户名","type":"String","required":1,"propertys":[]},{"name":"role","desc":"角色","type":"Object","required":1,"propertys":[{"name":"roleName","desc":"角色名称","type":"String","required":1,"propertys":[]}]},{"name":"loginName","desc":"登录帐号","type":"String","required":1,"propertys":[]},{"name":"password","desc":"密码","type":"String","required":1,"propertys":[]}]},"query":{"definitions":[]},"param":{"definitions":[]}}', 'JSON', '{"successed":{"json":"{    \"code\": 200,    \"msg\": \"更新成功\"}","desced":true,"propertyDescs":[{"name":"code","desc":"状态码 200成功","required":1,"propertys":[],"type":"Number"},{"name":"msg","desc":"消息","required":1,"propertys":[],"type":"String"}]},"errored":{"json":"{    \"code\": 500}","desced":true,"propertyDescs":[{"name":"code","desc":"状态码","required":1,"propertys":[],"type":"Number"}]}}', '1', '更新用户信息', 1, 1, '2020-12-26 16:18:52.000000', '2020-12-29 09:58:26.000000');
INSERT INTO  YCC_API_INFO (ID, GROUP_ID, API_URL, REQ_METHOD, REQ_HEADERS, REQ_DATA_TYPE, REQ_CONTENT, RES_DATA_TYPE, RES_CONTENT, PROJECT_VERSION_ID, API_DESC, STATUS, DEL, CREATE_TIME, UPDATE_TIME) VALUES ('1343763801546612738', '0', '/consignment/person/operator/list', 'POST', '[{"key":"Content-Type","value":"application/json"}]', 'application/json', '{"body":{"definitions":[{"name":"pageNum","desc":"当前页码 （不填则不分页）","type":"Number","required":0,"propertys":[]},{"name":"pageSize","desc":"每页条数 （不填则不分页）","type":"Number","required":0,"propertys":[]},{"name":"certExpireDateStart","desc":"起始日期","type":"String","required":0,"propertys":[]},{"name":"certExpireDateEnd","desc":"截止日期","type":"String","required":0,"propertys":[]}]},"query":{"definitions":[]},"param":{"definitions":[]}}', 'JSON', '{"successed":{"json":"{    \"rows\": [        {            \"cardNum\": \"371581199012213018\",            \"certStatus\": 0,            \"cardType\": \"身份证\",            \"userType\": \"15\",            \"userName\": \"刘杰\",            \"certIssueDate\": \"2019-11-11 19:34:37\",            \"certExpireDate\": \"2020-11-11 19:34:37\",            \"agencyName\": \"奇管理机构\",            \"certStatusText\": \"已吊销\"        }    ],    \"current\": 1,    \"size\": 10,    \"pages\": null,    \"total\": 16,    \"code\": \"200\",    \"msg\": \"请求成功\",    \"timestamp\": 1609212912078}","desced":true,"propertyDescs":[{"name":"rows","desc":"响应数据体","required":1,"propertys":[{"name":"cardNum","desc":"证件号码","type":"String","required":1,"propertys":[]},{"name":"certStatus","desc":"证书状状态","type":"Number","required":1,"propertys":[]},{"name":"userType","desc":"用户类型","type":"String","required":1,"propertys":[]},{"name":"userName","desc":"经办人名称","type":"String","required":1,"propertys":[]},{"name":"certIssueDate","desc":"证书发放日期","type":"String","required":1,"propertys":[]},{"name":"certExpireDate","desc":"证书截止日期","type":"String","required":1,"propertys":[]},{"name":"agencyName","desc":"机构名称","type":"String","required":1,"propertys":[]},{"name":"certStatusText","desc":"证书状态文本","type":"String","required":1,"propertys":[]}],"type":"Object"},{"name":"total","desc":"总数","type":"Number","required":1,"propertys":[{"name":"a","desc":"c","type":"String","required":1,"propertys":[]},{"name":"c","desc":"z","type":"String","required":1,"propertys":[]}]}]},"errored":{"json":"{    \"code\": 500,    \"msg\": \"获取失败\"}","desced":true,"propertyDescs":[{"name":"code","desc":"响应码","required":1,"propertys":[],"type":"Number"},{"name":"msg","desc":"响应消息","type":"String","required":1,"propertys":[]}]}}', '1', '代销机构经办人统计', 1, 1, '2020-12-29 11:40:31.000000', '2020-12-29 12:10:14.000000');
INSERT INTO  YCC_API_INFO (ID, GROUP_ID, API_URL, REQ_METHOD, REQ_HEADERS, REQ_DATA_TYPE, REQ_CONTENT, RES_DATA_TYPE, RES_CONTENT, PROJECT_VERSION_ID, API_DESC, STATUS, DEL, CREATE_TIME, UPDATE_TIME) VALUES ('1343771953667170305', '0', '/consignment/person/operator/list/export', 'GET', null, 'application/json', '{"body":{"definitions":[]},"query":{"definitions":[{"name":"certExpireDateStart","desc":"截止时间起始","type":"String","required":0},{"name":"certExpireDateEnd","desc":"截止时间结束","type":"String","required":0}]},"param":{"definitions":[]}}', 'JSON', '{"successed":{"json":"","desced":false,"propertyDescs":[]},"errored":{"json":"","desced":false,"propertyDescs":[]}}', '1', '导出代销经办', 1, 1, '2020-12-29 12:12:54.000000', '2020-12-29 12:12:54.000000');
INSERT INTO  YCC_API_INFO (ID, GROUP_ID, API_URL, REQ_METHOD, REQ_HEADERS, REQ_DATA_TYPE, REQ_CONTENT, RES_DATA_TYPE, RES_CONTENT, PROJECT_VERSION_ID, API_DESC, STATUS, DEL, CREATE_TIME, UPDATE_TIME) VALUES ('1344472361578405889', '0', '/user/login', 'POST', '[{"key":"Content-Type","value":"application/json;charset=utf-8"}]', 'application/json;charset=utf-8', '{"body":{"definitions":[{"name":"username","desc":"用户名","type":"String","required":1,"propertys":[]},{"name":"password","desc":"密码 (MD5加密后传入)","type":"String","required":1,"propertys":[]},{"name":"vaildCode","desc":"验证码","type":"String","required":1,"propertys":[]}]},"query":{"definitions":[{"name":"clientType","desc":"请求客户端类型 1pc端 2app端","type":"String","required":1}]},"param":{"definitions":[]}}', 'JSON', '{"successed":{"json":"{    \"data\": {        \"fileId\": 1    },    \"code\": 200}","desced":true,"propertyDescs":[{"name":"data","desc":"响应数据","required":1,"propertys":[{"name":"fileId","desc":"文件id","required":1,"propertys":[],"type":"Number"}],"type":"Object"},{"name":"code","desc":"code","required":1,"propertys":[],"type":"Number"}]},"errored":{"json":"{    \"code\": \"500\",    \"msg\": \"异常消息\"}","desced":true,"propertyDescs":[{"name":"code","desc":"状态码","required":1,"propertys":[],"type":"String"},{"name":"msg","desc":"异常消息","required":1,"propertys":[],"type":"String"}]}}', '1344472360915705857', '登录', 1, 1, '2020-12-31 10:36:05.000000', '2020-12-31 10:36:05.000000');
INSERT INTO  YCC_API_INFO (ID, GROUP_ID, API_URL, REQ_METHOD, REQ_HEADERS, REQ_DATA_TYPE, REQ_CONTENT, RES_DATA_TYPE, RES_CONTENT, PROJECT_VERSION_ID, API_DESC, STATUS, DEL, CREATE_TIME, UPDATE_TIME) VALUES ('1344472361859424257', '0', '/user/{userId}', 'GET', null, 'application/json', '{"body":{"definitions":[]},"query":{"definitions":[{"name":"clientType","desc":"客户端标识","type":"String","required":0}]},"param":{"definitions":[{"name":"userId","desc":"用户ID","type":"String","required":1}]}}', 'JSON', '{"successed":{"json":"{    \"code\": 200,    \"data\": {        \"user\": {            \"name\": \"张三\"        }    }}","desced":true,"propertyDescs":[{"name":"code","desc":"状态码","required":1,"propertys":[],"type":"Number"},{"name":"data","desc":"响应体","required":1,"propertys":[{"name":"user","desc":"用户","required":1,"propertys":[{"name":"name","desc":"用户名称","required":1,"propertys":[],"type":"String"}],"type":"Object"}],"type":"Object"}]},"errored":{"json":"{    \"code\": 500 }","desced":true,"propertyDescs":[{"name":"code","desc":"状态码","required":1,"propertys":[],"type":"Number"}]}}', '1344472360915705857', '添加用户', 1, 1, '2020-12-31 10:36:05.000000', '2020-12-31 10:36:05.000000');
INSERT INTO  YCC_API_INFO (ID, GROUP_ID, API_URL, REQ_METHOD, REQ_HEADERS, REQ_DATA_TYPE, REQ_CONTENT, RES_DATA_TYPE, RES_CONTENT, PROJECT_VERSION_ID, API_DESC, STATUS, DEL, CREATE_TIME, UPDATE_TIME) VALUES ('1344472362157219841', '0', '/user/update', 'PUT', '[{"key":"Content-Type","value":"application/json"}]', 'application/json', '{"body":{"definitions":[{"name":"name","desc":"用户名","type":"String","required":1,"propertys":[]},{"name":"role","desc":"角色","type":"Object","required":1,"propertys":[{"name":"roleName","desc":"角色名称","type":"String","required":1,"propertys":[]}]},{"name":"loginName","desc":"登录帐号","type":"String","required":1,"propertys":[]},{"name":"password","desc":"密码","type":"String","required":1,"propertys":[]}]},"query":{"definitions":[]},"param":{"definitions":[]}}', 'JSON', '{"successed":{"json":"{    \"code\": 200,    \"msg\": \"更新成功\"}","desced":true,"propertyDescs":[{"name":"code","desc":"状态码 200成功","required":1,"propertys":[],"type":"Number"},{"name":"msg","desc":"消息","required":1,"propertys":[],"type":"String"}]},"errored":{"json":"{    \"code\": 500}","desced":true,"propertyDescs":[{"name":"code","desc":"状态码","required":1,"propertys":[],"type":"Number"}]}}', '1344472360915705857', '更新用户信息', 1, 1, '2020-12-31 10:36:05.000000', '2020-12-31 10:36:05.000000');
INSERT INTO  YCC_API_INFO (ID, GROUP_ID, API_URL, REQ_METHOD, REQ_HEADERS, REQ_DATA_TYPE, REQ_CONTENT, RES_DATA_TYPE, RES_CONTENT, PROJECT_VERSION_ID, API_DESC, STATUS, DEL, CREATE_TIME, UPDATE_TIME) VALUES ('1344472362463404033', '0', '/consignment/person/operator/list', 'POST', '[{"key":"Content-Type","value":"application/json"}]', 'application/json', '{"body":{"definitions":[{"name":"pageNum","desc":"当前页码 （不填则不分页）","type":"Number","required":0,"propertys":[]},{"name":"pageSize","desc":"每页条数 （不填则不分页）","type":"Number","required":0,"propertys":[]},{"name":"certExpireDateStart","desc":"起始日期","type":"String","required":0,"propertys":[]},{"name":"certExpireDateEnd","desc":"截止日期","type":"String","required":0,"propertys":[]}]},"query":{"definitions":[]},"param":{"definitions":[]}}', 'JSON', '{"successed":{"json":"{    \"rows\": [        {            \"cardNum\": \"371581199012213018\",            \"certStatus\": 0,            \"cardType\": \"身份证\",            \"userType\": \"15\",            \"userName\": \"刘杰\",            \"certIssueDate\": \"2019-11-11 19:34:37\",            \"certExpireDate\": \"2020-11-11 19:34:37\",            \"agencyName\": \"奇管理机构\",            \"certStatusText\": \"已吊销\"        }    ],    \"current\": 1,    \"size\": 10,    \"pages\": null,    \"total\": 16,    \"code\": \"200\",    \"msg\": \"请求成功\",    \"timestamp\": 1609212912078}","desced":true,"propertyDescs":[{"name":"rows","desc":"响应数据体","required":1,"propertys":[{"name":"cardNum","desc":"证件号码","type":"String","required":1,"propertys":[]},{"name":"certStatus","desc":"证书状状态","type":"Number","required":1,"propertys":[]},{"name":"userType","desc":"用户类型","type":"String","required":1,"propertys":[]},{"name":"userName","desc":"经办人名称","type":"String","required":1,"propertys":[]},{"name":"certIssueDate","desc":"证书发放日期","type":"String","required":1,"propertys":[]},{"name":"certExpireDate","desc":"证书截止日期","type":"String","required":1,"propertys":[]},{"name":"agencyName","desc":"机构名称","type":"String","required":1,"propertys":[]},{"name":"certStatusText","desc":"证书状态文本","type":"String","required":1,"propertys":[]}],"type":"Object"},{"name":"total","desc":"总数","type":"Number","required":1,"propertys":[{"name":"a","desc":"c","type":"String","required":1,"propertys":[]},{"name":"c","desc":"z","type":"String","required":1,"propertys":[]}]}]},"errored":{"json":"{    \"code\": 500,    \"msg\": \"获取失败\"}","desced":true,"propertyDescs":[{"name":"code","desc":"响应码","required":1,"propertys":[],"type":"Number"},{"name":"msg","desc":"响应消息","type":"String","required":1,"propertys":[]}]}}', '1344472360915705857', '代销机构经办人统计', 1, 1, '2020-12-31 10:36:05.000000', '2020-12-31 10:36:05.000000');
INSERT INTO  YCC_API_INFO (ID, GROUP_ID, API_URL, REQ_METHOD, REQ_HEADERS, REQ_DATA_TYPE, REQ_CONTENT, RES_DATA_TYPE, RES_CONTENT, PROJECT_VERSION_ID, API_DESC, STATUS, DEL, CREATE_TIME, UPDATE_TIME) VALUES ('1344472362761199618', '0', '/consignment/person/operator/list/export', 'GET', null, 'application/json', '{"body":{"definitions":[]},"query":{"definitions":[{"name":"certExpireDateStart","desc":"截止时间起始","type":"String","required":0},{"name":"certExpireDateEnd","desc":"截止时间结束","type":"String","required":0}]},"param":{"definitions":[]}}', 'JSON', '{"successed":{"json":"","desced":false,"propertyDescs":[]},"errored":{"json":"","desced":false,"propertyDescs":[]}}', '1344472360915705857', '导出代销经办', 1, 1, '2020-12-31 10:36:05.000000', '2020-12-31 10:36:05.000000');
INSERT INTO  YCC_API_INFO (ID, GROUP_ID, API_URL, REQ_METHOD, REQ_HEADERS, REQ_DATA_TYPE, REQ_CONTENT, RES_DATA_TYPE, RES_CONTENT, PROJECT_VERSION_ID, API_DESC, STATUS, DEL, CREATE_TIME, UPDATE_TIME) VALUES ('1344475364578426881', '0', '/user/login', 'POST', '[{"key":"Content-Type","value":"application/json;charset=utf-8"}]', 'application/json;charset=utf-8', '{"body":{"definitions":[{"name":"username","desc":"用户名","type":"String","required":1,"propertys":[]},{"name":"password","desc":"密码 (MD5加密后传入)","type":"String","required":1,"propertys":[]},{"name":"vaildCode","desc":"验证码","type":"String","required":1,"propertys":[]}]},"query":{"definitions":[{"name":"clientType","desc":"请求客户端类型 1pc端 2app端","type":"String","required":1}]},"param":{"definitions":[]}}', 'JSON', '{"successed":{"json":"{    \"data\": {        \"fileId\": 1    },    \"code\": 200}","desced":true,"propertyDescs":[{"name":"data","desc":"响应数据","required":1,"propertys":[{"name":"fileId","desc":"文件id","required":1,"propertys":[],"type":"Number"}],"type":"Object"},{"name":"code","desc":"code","required":1,"propertys":[],"type":"Number"}]},"errored":{"json":"{    \"code\": \"500\",    \"msg\": \"异常消息\"}","desced":true,"propertyDescs":[{"name":"code","desc":"状态码","required":1,"propertys":[],"type":"String"},{"name":"msg","desc":"异常消息","required":1,"propertys":[],"type":"String"}]}}', '1344475363907338242', '登录', 1, 1, '2020-12-31 10:48:01.000000', '2020-12-31 10:48:01.000000');
INSERT INTO  YCC_API_INFO (ID, GROUP_ID, API_URL, REQ_METHOD, REQ_HEADERS, REQ_DATA_TYPE, REQ_CONTENT, RES_DATA_TYPE, RES_CONTENT, PROJECT_VERSION_ID, API_DESC, STATUS, DEL, CREATE_TIME, UPDATE_TIME) VALUES ('1344475364888805377', '0', '/user/{userId}', 'GET', null, 'application/json', '{"body":{"definitions":[]},"query":{"definitions":[{"name":"clientType","desc":"客户端标识","type":"String","required":0}]},"param":{"definitions":[{"name":"userId","desc":"用户ID","type":"String","required":1}]}}', 'JSON', '{"successed":{"json":"{    \"code\": 200,    \"data\": {        \"user\": {            \"name\": \"张三\"        }    }}","desced":true,"propertyDescs":[{"name":"code","desc":"状态码","required":1,"propertys":[],"type":"Number"},{"name":"data","desc":"响应体","required":1,"propertys":[{"name":"user","desc":"用户","required":1,"propertys":[{"name":"name","desc":"用户名称","required":1,"propertys":[],"type":"String"}],"type":"Object"}],"type":"Object"}]},"errored":{"json":"{    \"code\": 500 }","desced":true,"propertyDescs":[{"name":"code","desc":"状态码","required":1,"propertys":[],"type":"Number"}]}}', '1344475363907338242', '添加用户', 1, 1, '2020-12-31 10:48:01.000000', '2020-12-31 10:48:01.000000');
INSERT INTO  YCC_API_INFO (ID, GROUP_ID, API_URL, REQ_METHOD, REQ_HEADERS, REQ_DATA_TYPE, REQ_CONTENT, RES_DATA_TYPE, RES_CONTENT, PROJECT_VERSION_ID, API_DESC, STATUS, DEL, CREATE_TIME, UPDATE_TIME) VALUES ('1344475365199183873', '0', '/user/update', 'PUT', '[{"key":"Content-Type","value":"application/json"}]', 'application/json', '{"body":{"definitions":[{"name":"name","desc":"用户名","type":"String","required":1,"propertys":[]},{"name":"role","desc":"角色","type":"Object","required":1,"propertys":[{"name":"roleName","desc":"角色名称","type":"String","required":1,"propertys":[]}]},{"name":"loginName","desc":"登录帐号","type":"String","required":1,"propertys":[]},{"name":"password","desc":"密码","type":"String","required":1,"propertys":[]}]},"query":{"definitions":[]},"param":{"definitions":[]}}', 'JSON', '{"successed":{"json":"{    \"code\": 200,    \"msg\": \"更新成功\"}","desced":true,"propertyDescs":[{"name":"code","desc":"状态码 200成功","required":1,"propertys":[],"type":"Number"},{"name":"msg","desc":"消息","required":1,"propertys":[],"type":"String"}]},"errored":{"json":"{    \"code\": 500}","desced":true,"propertyDescs":[{"name":"code","desc":"状态码","required":1,"propertys":[],"type":"Number"}]}}', '1344475363907338242', '更新用户信息', 1, 1, '2020-12-31 10:48:01.000000', '2020-12-31 10:48:01.000000');
INSERT INTO  YCC_API_INFO (ID, GROUP_ID, API_URL, REQ_METHOD, REQ_HEADERS, REQ_DATA_TYPE, REQ_CONTENT, RES_DATA_TYPE, RES_CONTENT, PROJECT_VERSION_ID, API_DESC, STATUS, DEL, CREATE_TIME, UPDATE_TIME) VALUES ('1344475365803163649', '0', '/consignment/person/operator/list', 'POST', '[{"key":"Content-Type","value":"application/json"}]', 'application/json', '{"body":{"definitions":[{"name":"pageNum","desc":"当前页码 （不填则不分页）","type":"Number","required":0,"propertys":[]},{"name":"pageSize","desc":"每页条数 （不填则不分页）","type":"Number","required":0,"propertys":[]},{"name":"certExpireDateStart","desc":"起始日期","type":"String","required":0,"propertys":[]},{"name":"certExpireDateEnd","desc":"截止日期","type":"String","required":0,"propertys":[]}]},"query":{"definitions":[]},"param":{"definitions":[]}}', 'JSON', '{"successed":{"json":"{    \"rows\": [        {            \"cardNum\": \"371581199012213018\",            \"certStatus\": 0,            \"cardType\": \"身份证\",            \"userType\": \"15\",            \"userName\": \"刘杰\",            \"certIssueDate\": \"2019-11-11 19:34:37\",            \"certExpireDate\": \"2020-11-11 19:34:37\",            \"agencyName\": \"奇管理机构\",            \"certStatusText\": \"已吊销\"        }    ],    \"current\": 1,    \"size\": 10,    \"pages\": null,    \"total\": 16,    \"code\": \"200\",    \"msg\": \"请求成功\",    \"timestamp\": 1609212912078}","desced":true,"propertyDescs":[{"name":"rows","desc":"响应数据体","required":1,"propertys":[{"name":"cardNum","desc":"证件号码","type":"String","required":1,"propertys":[]},{"name":"certStatus","desc":"证书状状态","type":"Number","required":1,"propertys":[]},{"name":"userType","desc":"用户类型","type":"String","required":1,"propertys":[]},{"name":"userName","desc":"经办人名称","type":"String","required":1,"propertys":[]},{"name":"certIssueDate","desc":"证书发放日期","type":"String","required":1,"propertys":[]},{"name":"certExpireDate","desc":"证书截止日期","type":"String","required":1,"propertys":[]},{"name":"agencyName","desc":"机构名称","type":"String","required":1,"propertys":[]},{"name":"certStatusText","desc":"证书状态文本","type":"String","required":1,"propertys":[]}],"type":"Object"},{"name":"total","desc":"总数","type":"Number","required":1,"propertys":[{"name":"a","desc":"c","type":"String","required":1,"propertys":[]},{"name":"c","desc":"z","type":"String","required":1,"propertys":[]}]}]},"errored":{"json":"{    \"code\": 500,    \"msg\": \"获取失败\"}","desced":true,"propertyDescs":[{"name":"code","desc":"响应码","required":1,"propertys":[],"type":"Number"},{"name":"msg","desc":"响应消息","type":"String","required":1,"propertys":[]}]}}', '1344475363907338242', '代销机构经办人统计', 1, 1, '2020-12-31 10:48:01.000000', '2020-12-31 10:48:01.000000');
INSERT INTO  YCC_API_INFO (ID, GROUP_ID, API_URL, REQ_METHOD, REQ_HEADERS, REQ_DATA_TYPE, REQ_CONTENT, RES_DATA_TYPE, RES_CONTENT, PROJECT_VERSION_ID, API_DESC, STATUS, DEL, CREATE_TIME, UPDATE_TIME) VALUES ('1344475366159679489', '0', '/consignment/person/operator/list/export', 'GET', null, 'application/json', '{"body":{"definitions":[]},"query":{"definitions":[{"name":"certExpireDateStart","desc":"截止时间起始","type":"String","required":0},{"name":"certExpireDateEnd","desc":"截止时间结束","type":"String","required":0}]},"param":{"definitions":[]}}', 'JSON', '{"successed":{"json":"","desced":false,"propertyDescs":[]},"errored":{"json":"","desced":false,"propertyDescs":[]}}', '1344475363907338242', '导出代销经办', 1, 1, '2020-12-31 10:48:01.000000', '2020-12-31 10:48:01.000000');
INSERT INTO  YCC_API_INFO (ID, GROUP_ID, API_URL, REQ_METHOD, REQ_HEADERS, REQ_DATA_TYPE, REQ_CONTENT, RES_DATA_TYPE, RES_CONTENT, PROJECT_VERSION_ID, API_DESC, STATUS, DEL, CREATE_TIME, UPDATE_TIME) VALUES ('1344475796092616705', '0', '/user/login', 'POST', '[{"key":"Content-Type","value":"application/json;charset=utf-8"}]', 'application/json;charset=utf-8', '{"body":{"definitions":[{"name":"username","desc":"用户名","type":"String","required":1,"propertys":[]},{"name":"password","desc":"密码 (MD5加密后传入)","type":"String","required":1,"propertys":[]},{"name":"vaildCode","desc":"验证码","type":"String","required":1,"propertys":[]}]},"query":{"definitions":[{"name":"clientType","desc":"请求客户端类型 1pc端 2app端","type":"String","required":1}]},"param":{"definitions":[]}}', 'JSON', '{"successed":{"json":"{    \"data\": {        \"fileId\": 1    },    \"code\": 200}","desced":true,"propertyDescs":[{"name":"data","desc":"响应数据","required":1,"propertys":[{"name":"fileId","desc":"文件id","required":1,"propertys":[],"type":"Number"}],"type":"Object"},{"name":"code","desc":"code","required":1,"propertys":[],"type":"Number"}]},"errored":{"json":"{    \"code\": \"500\",    \"msg\": \"异常消息\"}","desced":true,"propertyDescs":[{"name":"code","desc":"状态码","required":1,"propertys":[],"type":"String"},{"name":"msg","desc":"异常消息","required":1,"propertys":[],"type":"String"}]}}', '1344475795476054017', '登录', 1, 1, '2020-12-31 10:49:44.000000', '2020-12-31 10:49:44.000000');
INSERT INTO  YCC_API_INFO (ID, GROUP_ID, API_URL, REQ_METHOD, REQ_HEADERS, REQ_DATA_TYPE, REQ_CONTENT, RES_DATA_TYPE, RES_CONTENT, PROJECT_VERSION_ID, API_DESC, STATUS, DEL, CREATE_TIME, UPDATE_TIME) VALUES ('1344475796365246465', '0', '/user/{userId}', 'DELETE', null, 'application/json', '{"body":{"definitions":[]},"query":{"definitions":[]},"param":{"definitions":[{"name":"userId","desc":"用户ID","type":"String","required":1}]}}', 'JSON', '{"successed":{"json":"{    \"msg\": \"删除成功\",    \"code\": 200 }","desced":true,"propertyDescs":[{"name":"msg","desc":"响应消息","required":1,"propertys":[],"type":"String"},{"name":"code","desc":"状态码","required":1,"propertys":[],"type":"Number"}]},"errored":{"json":"{    \"code\": 500,    \"msg\": \"异常消息\"}","desced":true,"propertyDescs":[{"name":"code","desc":"状态码","required":1,"propertys":[],"type":"Number"},{"name":"msg","desc":"异常消息","required":1,"propertys":[],"type":"String"}]}}', '1344475795476054017', '删除用户', 1, 1, '2020-12-31 10:49:44.000000', '2020-12-31 10:49:44.000000');
INSERT INTO  YCC_API_INFO (ID, GROUP_ID, API_URL, REQ_METHOD, REQ_HEADERS, REQ_DATA_TYPE, REQ_CONTENT, RES_DATA_TYPE, RES_CONTENT, PROJECT_VERSION_ID, API_DESC, STATUS, DEL, CREATE_TIME, UPDATE_TIME) VALUES ('1344475796713373697', '0', '/user/{userId}', 'GET', null, 'application/json', '{"body":{"definitions":[]},"query":{"definitions":[{"name":"clientType","desc":"客户端标识","type":"String","required":0}]},"param":{"definitions":[{"name":"userId","desc":"用户ID","type":"String","required":1}]}}', 'JSON', '{"successed":{"json":"{    \"code\": 200,    \"data\": {        \"user\": {            \"name\": \"张三\"        }    }}","desced":true,"propertyDescs":[{"name":"code","desc":"状态码","required":1,"propertys":[],"type":"Number"},{"name":"data","desc":"响应体","required":1,"propertys":[{"name":"user","desc":"用户","required":1,"propertys":[{"name":"name","desc":"用户名称","required":1,"propertys":[],"type":"String"}],"type":"Object"}],"type":"Object"}]},"errored":{"json":"{    \"code\": 500 }","desced":true,"propertyDescs":[{"name":"code","desc":"状态码","required":1,"propertys":[],"type":"Number"}]}}', '1344475795476054017', '添加用户', 1, 1, '2020-12-31 10:49:44.000000', '2020-12-31 10:49:44.000000');
INSERT INTO  YCC_API_INFO (ID, GROUP_ID, API_URL, REQ_METHOD, REQ_HEADERS, REQ_DATA_TYPE, REQ_CONTENT, RES_DATA_TYPE, RES_CONTENT, PROJECT_VERSION_ID, API_DESC, STATUS, DEL, CREATE_TIME, UPDATE_TIME) VALUES ('1344475797015363585', '0', '/user/update', 'PUT', '[{"key":"Content-Type","value":"application/json"}]', 'application/json', '{"body":{"definitions":[{"name":"name","desc":"用户名","type":"String","required":1,"propertys":[]},{"name":"role","desc":"角色","type":"Object","required":1,"propertys":[{"name":"roleName","desc":"角色名称","type":"String","required":1,"propertys":[]}]},{"name":"loginName","desc":"登录帐号","type":"String","required":1,"propertys":[]},{"name":"password","desc":"密码","type":"String","required":1,"propertys":[]}]},"query":{"definitions":[]},"param":{"definitions":[]}}', 'JSON', '{"successed":{"json":"{    \"code\": 200,    \"msg\": \"更新成功\"}","desced":true,"propertyDescs":[{"name":"code","desc":"状态码 200成功","required":1,"propertys":[],"type":"Number"},{"name":"msg","desc":"消息","required":1,"propertys":[],"type":"String"}]},"errored":{"json":"{    \"code\": 500}","desced":true,"propertyDescs":[{"name":"code","desc":"状态码","required":1,"propertys":[],"type":"Number"}]}}', '1344475795476054017', '更新用户信息', 1, 1, '2020-12-31 10:49:44.000000', '2020-12-31 10:49:44.000000');
INSERT INTO  YCC_API_INFO (ID, GROUP_ID, API_URL, REQ_METHOD, REQ_HEADERS, REQ_DATA_TYPE, REQ_CONTENT, RES_DATA_TYPE, RES_CONTENT, PROJECT_VERSION_ID, API_DESC, STATUS, DEL, CREATE_TIME, UPDATE_TIME) VALUES ('1344475797275410433', '0', '/consignment/person/operator/list', 'POST', '[{"key":"Content-Type","value":"application/json"}]', 'application/json', '{"body":{"definitions":[{"name":"pageNum","desc":"当前页码 （不填则不分页）","type":"Number","required":0,"propertys":[]},{"name":"pageSize","desc":"每页条数 （不填则不分页）","type":"Number","required":0,"propertys":[]},{"name":"certExpireDateStart","desc":"起始日期","type":"String","required":0,"propertys":[]},{"name":"certExpireDateEnd","desc":"截止日期","type":"String","required":0,"propertys":[]}]},"query":{"definitions":[]},"param":{"definitions":[]}}', 'JSON', '{"successed":{"json":"{    \"rows\": [        {            \"cardNum\": \"371581199012213018\",            \"certStatus\": 0,            \"cardType\": \"身份证\",            \"userType\": \"15\",            \"userName\": \"刘杰\",            \"certIssueDate\": \"2019-11-11 19:34:37\",            \"certExpireDate\": \"2020-11-11 19:34:37\",            \"agencyName\": \"奇管理机构\",            \"certStatusText\": \"已吊销\"        }    ],    \"current\": 1,    \"size\": 10,    \"pages\": null,    \"total\": 16,    \"code\": \"200\",    \"msg\": \"请求成功\",    \"timestamp\": 1609212912078}","desced":true,"propertyDescs":[{"name":"rows","desc":"响应数据体","required":1,"propertys":[{"name":"cardNum","desc":"证件号码","type":"String","required":1,"propertys":[]},{"name":"certStatus","desc":"证书状状态","type":"Number","required":1,"propertys":[]},{"name":"userType","desc":"用户类型","type":"String","required":1,"propertys":[]},{"name":"userName","desc":"经办人名称","type":"String","required":1,"propertys":[]},{"name":"certIssueDate","desc":"证书发放日期","type":"String","required":1,"propertys":[]},{"name":"certExpireDate","desc":"证书截止日期","type":"String","required":1,"propertys":[]},{"name":"agencyName","desc":"机构名称","type":"String","required":1,"propertys":[]},{"name":"certStatusText","desc":"证书状态文本","type":"String","required":1,"propertys":[]}],"type":"Object"},{"name":"total","desc":"总数","type":"Number","required":1,"propertys":[{"name":"a","desc":"c","type":"String","required":1,"propertys":[]},{"name":"c","desc":"z","type":"String","required":1,"propertys":[]}]}]},"errored":{"json":"{    \"code\": 500,    \"msg\": \"获取失败\"}","desced":true,"propertyDescs":[{"name":"code","desc":"响应码","required":1,"propertys":[],"type":"Number"},{"name":"msg","desc":"响应消息","type":"String","required":1,"propertys":[]}]}}', '1344475795476054017', '代销机构经办人统计', 1, 1, '2020-12-31 10:49:44.000000', '2020-12-31 10:49:44.000000');
INSERT INTO  YCC_API_INFO (ID, GROUP_ID, API_URL, REQ_METHOD, REQ_HEADERS, REQ_DATA_TYPE, REQ_CONTENT, RES_DATA_TYPE, RES_CONTENT, PROJECT_VERSION_ID, API_DESC, STATUS, DEL, CREATE_TIME, UPDATE_TIME) VALUES ('1344475797589983233', '0', '/consignment/person/operator/list/export', 'GET', null, 'application/json', '{"body":{"definitions":[]},"query":{"definitions":[{"name":"certExpireDateStart","desc":"截止时间起始","type":"String","required":0},{"name":"certExpireDateEnd","desc":"截止时间结束","type":"String","required":0}]},"param":{"definitions":[]}}', 'JSON', '{"successed":{"json":"","desced":false,"propertyDescs":[]},"errored":{"json":"","desced":false,"propertyDescs":[]}}', '1344475795476054017', '导出代销经办', 1, 1, '2020-12-31 10:49:44.000000', '2020-12-31 10:49:44.000000');
INSERT INTO  YCC_API_INFO (ID, GROUP_ID, API_URL, REQ_METHOD, REQ_HEADERS, REQ_DATA_TYPE, REQ_CONTENT, RES_DATA_TYPE, RES_CONTENT, PROJECT_VERSION_ID, API_DESC, STATUS, DEL, CREATE_TIME, UPDATE_TIME) VALUES ('1344476469836251138', '0', '/user/login', 'POST', '[{"key":"Content-Type","value":"application/json;charset=utf-8"}]', 'application/json;charset=utf-8', '{"body":{"definitions":[{"name":"username","desc":"用户名","type":"String","required":1,"propertys":[]},{"name":"password","desc":"密码 (MD5加密后传入)","type":"String","required":1,"propertys":[]},{"name":"vaildCode","desc":"验证码","type":"String","required":1,"propertys":[]}]},"query":{"definitions":[{"name":"clientType","desc":"请求客户端类型 1pc端 2app端","type":"String","required":1}]},"param":{"definitions":[]}}', 'JSON', '{"successed":{"json":"{    \"data\": {        \"fileId\": 1    },    \"code\": 200}","desced":true,"propertyDescs":[{"name":"data","desc":"响应数据","required":1,"propertys":[{"name":"fileId","desc":"文件id","required":1,"propertys":[],"type":"Number"}],"type":"Object"},{"name":"code","desc":"code","required":1,"propertys":[],"type":"Number"}]},"errored":{"json":"{    \"code\": \"500\",    \"msg\": \"异常消息\"}","desced":true,"propertyDescs":[{"name":"code","desc":"状态码","required":1,"propertys":[],"type":"String"},{"name":"msg","desc":"异常消息","required":1,"propertys":[],"type":"String"}]}}', '1344476469265825794', '登录', 1, 1, '2020-12-31 10:52:24.000000', '2020-12-31 10:52:24.000000');
INSERT INTO  YCC_API_INFO (ID, GROUP_ID, API_URL, REQ_METHOD, REQ_HEADERS, REQ_DATA_TYPE, REQ_CONTENT, RES_DATA_TYPE, RES_CONTENT, PROJECT_VERSION_ID, API_DESC, STATUS, DEL, CREATE_TIME, UPDATE_TIME) VALUES ('1344476470113075201', '0', '/user/{userId}', 'DELETE', null, 'application/json', '{"body":{"definitions":[]},"query":{"definitions":[]},"param":{"definitions":[{"name":"userId","desc":"用户ID","type":"String","required":1}]}}', 'JSON', '{"successed":{"json":"{    \"msg\": \"删除成功\",    \"code\": 200 }","desced":true,"propertyDescs":[{"name":"msg","desc":"响应消息","required":1,"propertys":[],"type":"String"},{"name":"code","desc":"状态码","required":1,"propertys":[],"type":"Number"}]},"errored":{"json":"{    \"code\": 500,    \"msg\": \"异常消息\"}","desced":true,"propertyDescs":[{"name":"code","desc":"状态码","required":1,"propertys":[],"type":"Number"},{"name":"msg","desc":"异常消息","required":1,"propertys":[],"type":"String"}]}}', '1344476469265825794', '删除用户', 1, 1, '2020-12-31 10:52:24.000000', '2020-12-31 10:52:24.000000');
INSERT INTO  YCC_API_INFO (ID, GROUP_ID, API_URL, REQ_METHOD, REQ_HEADERS, REQ_DATA_TYPE, REQ_CONTENT, RES_DATA_TYPE, RES_CONTENT, PROJECT_VERSION_ID, API_DESC, STATUS, DEL, CREATE_TIME, UPDATE_TIME) VALUES ('1344476470398287874', '0', '/user/{userId}', 'GET', null, 'application/json', '{"body":{"definitions":[]},"query":{"definitions":[{"name":"clientType","desc":"客户端标识","type":"String","required":0}]},"param":{"definitions":[{"name":"userId","desc":"用户ID","type":"String","required":1}]}}', 'JSON', '{"successed":{"json":"{    \"code\": 200,    \"data\": {        \"user\": {            \"name\": \"张三\"        }    }}","desced":true,"propertyDescs":[{"name":"code","desc":"状态码","required":1,"propertys":[],"type":"Number"},{"name":"data","desc":"响应体","required":1,"propertys":[{"name":"user","desc":"用户","required":1,"propertys":[{"name":"name","desc":"用户名称","required":1,"propertys":[],"type":"String"}],"type":"Object"}],"type":"Object"}]},"errored":{"json":"{    \"code\": 500 }","desced":true,"propertyDescs":[{"name":"code","desc":"状态码","required":1,"propertys":[],"type":"Number"}]}}', '1344476469265825794', '添加用户', 1, 1, '2020-12-31 10:52:24.000000', '2020-12-31 10:52:24.000000');
INSERT INTO  YCC_API_INFO (ID, GROUP_ID, API_URL, REQ_METHOD, REQ_HEADERS, REQ_DATA_TYPE, REQ_CONTENT, RES_DATA_TYPE, RES_CONTENT, PROJECT_VERSION_ID, API_DESC, STATUS, DEL, CREATE_TIME, UPDATE_TIME) VALUES ('1344476470658334721', '0', '/user/update', 'PUT', '[{"key":"Content-Type","value":"application/json"}]', 'application/json', '{"body":{"definitions":[{"name":"name","desc":"用户名","type":"String","required":1,"propertys":[]},{"name":"role","desc":"角色","type":"Object","required":1,"propertys":[{"name":"roleName","desc":"角色名称","type":"String","required":1,"propertys":[]}]},{"name":"loginName","desc":"登录帐号","type":"String","required":1,"propertys":[]},{"name":"password","desc":"密码","type":"String","required":1,"propertys":[]}]},"query":{"definitions":[]},"param":{"definitions":[]}}', 'JSON', '{"successed":{"json":"{    \"code\": 200,    \"msg\": \"更新成功\"}","desced":true,"propertyDescs":[{"name":"code","desc":"状态码 200成功","required":1,"propertys":[],"type":"Number"},{"name":"msg","desc":"消息","required":1,"propertys":[],"type":"String"}]},"errored":{"json":"{    \"code\": 500}","desced":true,"propertyDescs":[{"name":"code","desc":"状态码","required":1,"propertys":[],"type":"Number"}]}}', '1344476469265825794', '更新用户信息', 1, 1, '2020-12-31 10:52:24.000000', '2020-12-31 10:52:24.000000');
INSERT INTO  YCC_API_INFO (ID, GROUP_ID, API_URL, REQ_METHOD, REQ_HEADERS, REQ_DATA_TYPE, REQ_CONTENT, RES_DATA_TYPE, RES_CONTENT, PROJECT_VERSION_ID, API_DESC, STATUS, DEL, CREATE_TIME, UPDATE_TIME) VALUES ('1344476470914187265', '0', '/consignment/person/operator/list', 'POST', '[{"key":"Content-Type","value":"application/json"}]', 'application/json', '{"body":{"definitions":[{"name":"pageNum","desc":"当前页码 （不填则不分页）","type":"Number","required":0,"propertys":[]},{"name":"pageSize","desc":"每页条数 （不填则不分页）","type":"Number","required":0,"propertys":[]},{"name":"certExpireDateStart","desc":"起始日期","type":"String","required":0,"propertys":[]},{"name":"certExpireDateEnd","desc":"截止日期","type":"String","required":0,"propertys":[]}]},"query":{"definitions":[]},"param":{"definitions":[]}}', 'JSON', '{"successed":{"json":"{    \"rows\": [        {            \"cardNum\": \"371581199012213018\",            \"certStatus\": 0,            \"cardType\": \"身份证\",            \"userType\": \"15\",            \"userName\": \"刘杰\",            \"certIssueDate\": \"2019-11-11 19:34:37\",            \"certExpireDate\": \"2020-11-11 19:34:37\",            \"agencyName\": \"奇管理机构\",            \"certStatusText\": \"已吊销\"        }    ],    \"current\": 1,    \"size\": 10,    \"pages\": null,    \"total\": 16,    \"code\": \"200\",    \"msg\": \"请求成功\",    \"timestamp\": 1609212912078}","desced":true,"propertyDescs":[{"name":"rows","desc":"响应数据体","required":1,"propertys":[{"name":"cardNum","desc":"证件号码","type":"String","required":1,"propertys":[]},{"name":"certStatus","desc":"证书状状态","type":"Number","required":1,"propertys":[]},{"name":"userType","desc":"用户类型","type":"String","required":1,"propertys":[]},{"name":"userName","desc":"经办人名称","type":"String","required":1,"propertys":[]},{"name":"certIssueDate","desc":"证书发放日期","type":"String","required":1,"propertys":[]},{"name":"certExpireDate","desc":"证书截止日期","type":"String","required":1,"propertys":[]},{"name":"agencyName","desc":"机构名称","type":"String","required":1,"propertys":[]},{"name":"certStatusText","desc":"证书状态文本","type":"String","required":1,"propertys":[]}],"type":"Object"},{"name":"total","desc":"总数","type":"Number","required":1,"propertys":[{"name":"a","desc":"c","type":"String","required":1,"propertys":[]},{"name":"c","desc":"z","type":"String","required":1,"propertys":[]}]}]},"errored":{"json":"{    \"code\": 500,    \"msg\": \"获取失败\"}","desced":true,"propertyDescs":[{"name":"code","desc":"响应码","required":1,"propertys":[],"type":"Number"},{"name":"msg","desc":"响应消息","type":"String","required":1,"propertys":[]}]}}', '1344476469265825794', '代销机构经办人统计', 1, 1, '2020-12-31 10:52:24.000000', '2020-12-31 10:52:24.000000');
INSERT INTO  YCC_API_INFO (ID, GROUP_ID, API_URL, REQ_METHOD, REQ_HEADERS, REQ_DATA_TYPE, REQ_CONTENT, RES_DATA_TYPE, RES_CONTENT, PROJECT_VERSION_ID, API_DESC, STATUS, DEL, CREATE_TIME, UPDATE_TIME) VALUES ('1344476471182622721', '0', '/consignment/person/operator/list/export', 'GET', null, 'application/json', '{"body":{"definitions":[]},"query":{"definitions":[{"name":"certExpireDateStart","desc":"截止时间起始","type":"String","required":0},{"name":"certExpireDateEnd","desc":"截止时间结束","type":"String","required":0}]},"param":{"definitions":[]}}', 'JSON', '{"successed":{"json":"","desced":false,"propertyDescs":[]},"errored":{"json":"","desced":false,"propertyDescs":[]}}', '1344476469265825794', '导出代销经办', 1, 1, '2020-12-31 10:52:25.000000', '2020-12-31 10:52:25.000000');
INSERT INTO  YCC_API_INFO (ID, GROUP_ID, API_URL, REQ_METHOD, REQ_HEADERS, REQ_DATA_TYPE, REQ_CONTENT, RES_DATA_TYPE, RES_CONTENT, PROJECT_VERSION_ID, API_DESC, STATUS, DEL, CREATE_TIME, UPDATE_TIME) VALUES ('1344476814670954498', '0', '/user/login', 'POST', '[{"key":"Content-Type","value":"application/json;charset=utf-8"}]', 'application/json;charset=utf-8', '{"body":{"definitions":[{"name":"username","desc":"用户名","type":"String","required":1,"propertys":[]},{"name":"password","desc":"密码 (MD5加密后传入)","type":"String","required":1,"propertys":[]},{"name":"vaildCode","desc":"验证码","type":"String","required":1,"propertys":[]}]},"query":{"definitions":[{"name":"clientType","desc":"请求客户端类型 1pc端 2app端","type":"String","required":1}]},"param":{"definitions":[]}}', 'JSON', '{"successed":{"json":"{    \"data\": {        \"fileId\": 1    },    \"code\": 200}","desced":true,"propertyDescs":[{"name":"data","desc":"响应数据","required":1,"propertys":[{"name":"fileId","desc":"文件id","required":1,"propertys":[],"type":"Number"}],"type":"Object"},{"name":"code","desc":"code","required":1,"propertys":[],"type":"Number"}]},"errored":{"json":"{    \"code\": \"500\",    \"msg\": \"异常消息\"}","desced":true,"propertyDescs":[{"name":"code","desc":"状态码","required":1,"propertys":[],"type":"String"},{"name":"msg","desc":"异常消息","required":1,"propertys":[],"type":"String"}]}}', '1344476814087946242', '登录', 1, 1, '2020-12-31 10:53:46.000000', '2020-12-31 10:53:46.000000');
INSERT INTO  YCC_API_INFO (ID, GROUP_ID, API_URL, REQ_METHOD, REQ_HEADERS, REQ_DATA_TYPE, REQ_CONTENT, RES_DATA_TYPE, RES_CONTENT, PROJECT_VERSION_ID, API_DESC, STATUS, DEL, CREATE_TIME, UPDATE_TIME) VALUES ('1344476814964555778', '0', '/user/{userId}', 'DELETE', null, 'application/json', '{"body":{"definitions":[]},"query":{"definitions":[]},"param":{"definitions":[{"name":"userId","desc":"用户ID","type":"String","required":1}]}}', 'JSON', '{"successed":{"json":"{    \"msg\": \"删除成功\",    \"code\": 200 }","desced":true,"propertyDescs":[{"name":"msg","desc":"响应消息","required":1,"propertys":[],"type":"String"},{"name":"code","desc":"状态码","required":1,"propertys":[],"type":"Number"}]},"errored":{"json":"{    \"code\": 500,    \"msg\": \"异常消息\"}","desced":true,"propertyDescs":[{"name":"code","desc":"状态码","required":1,"propertys":[],"type":"Number"},{"name":"msg","desc":"异常消息","required":1,"propertys":[],"type":"String"}]}}', '1344476814087946242', '删除用户', 1, 1, '2020-12-31 10:53:47.000000', '2020-12-31 10:53:47.000000');
INSERT INTO  YCC_API_INFO (ID, GROUP_ID, API_URL, REQ_METHOD, REQ_HEADERS, REQ_DATA_TYPE, REQ_CONTENT, RES_DATA_TYPE, RES_CONTENT, PROJECT_VERSION_ID, API_DESC, STATUS, DEL, CREATE_TIME, UPDATE_TIME) VALUES ('1344476815270739969', '0', '/user/{userId}', 'GET', null, 'application/json', '{"body":{"definitions":[]},"query":{"definitions":[{"name":"clientType","desc":"客户端标识","type":"String","required":0}]},"param":{"definitions":[{"name":"userId","desc":"用户ID","type":"String","required":1}]}}', 'JSON', '{"successed":{"json":"{    \"code\": 200,    \"data\": {        \"user\": {            \"name\": \"张三\"        }    }}","desced":true,"propertyDescs":[{"name":"code","desc":"状态码","required":1,"propertys":[],"type":"Number"},{"name":"data","desc":"响应体","required":1,"propertys":[{"name":"user","desc":"用户","required":1,"propertys":[{"name":"name","desc":"用户名称","required":1,"propertys":[],"type":"String"}],"type":"Object"}],"type":"Object"}]},"errored":{"json":"{    \"code\": 500 }","desced":true,"propertyDescs":[{"name":"code","desc":"状态码","required":1,"propertys":[],"type":"Number"}]}}', '1344476814087946242', '添加用户', 1, 1, '2020-12-31 10:53:47.000000', '2020-12-31 10:53:47.000000');
INSERT INTO  YCC_API_INFO (ID, GROUP_ID, API_URL, REQ_METHOD, REQ_HEADERS, REQ_DATA_TYPE, REQ_CONTENT, RES_DATA_TYPE, RES_CONTENT, PROJECT_VERSION_ID, API_DESC, STATUS, DEL, CREATE_TIME, UPDATE_TIME) VALUES ('1344476815534981121', '0', '/user/update', 'PUT', '[{"key":"Content-Type","value":"application/json"}]', 'application/json', '{"body":{"definitions":[{"name":"name","desc":"用户名","type":"String","required":1,"propertys":[]},{"name":"role","desc":"角色","type":"Object","required":1,"propertys":[{"name":"roleName","desc":"角色名称","type":"String","required":1,"propertys":[]}]},{"name":"loginName","desc":"登录帐号","type":"String","required":1,"propertys":[]},{"name":"password","desc":"密码","type":"String","required":1,"propertys":[]}]},"query":{"definitions":[]},"param":{"definitions":[]}}', 'JSON', '{"successed":{"json":"{    \"code\": 200,    \"msg\": \"更新成功\"}","desced":true,"propertyDescs":[{"name":"code","desc":"状态码 200成功","required":1,"propertys":[],"type":"Number"},{"name":"msg","desc":"消息","required":1,"propertys":[],"type":"String"}]},"errored":{"json":"{    \"code\": 500}","desced":true,"propertyDescs":[{"name":"code","desc":"状态码","required":1,"propertys":[],"type":"Number"}]}}', '1344476814087946242', '更新用户信息', 1, 1, '2020-12-31 10:53:47.000000', '2020-12-31 10:53:47.000000');
INSERT INTO  YCC_API_INFO (ID, GROUP_ID, API_URL, REQ_METHOD, REQ_HEADERS, REQ_DATA_TYPE, REQ_CONTENT, RES_DATA_TYPE, RES_CONTENT, PROJECT_VERSION_ID, API_DESC, STATUS, DEL, CREATE_TIME, UPDATE_TIME) VALUES ('1344476815807610881', '0', '/consignment/person/operator/list', 'POST', '[{"key":"Content-Type","value":"application/json"}]', 'application/json', '{"body":{"definitions":[{"name":"pageNum","desc":"当前页码 （不填则不分页）","type":"Number","required":0,"propertys":[]},{"name":"pageSize","desc":"每页条数 （不填则不分页）","type":"Number","required":0,"propertys":[]},{"name":"certExpireDateStart","desc":"起始日期","type":"String","required":0,"propertys":[]},{"name":"certExpireDateEnd","desc":"截止日期","type":"String","required":0,"propertys":[]}]},"query":{"definitions":[]},"param":{"definitions":[]}}', 'JSON', '{"successed":{"json":"{    \"rows\": [        {            \"cardNum\": \"371581199012213018\",            \"certStatus\": 0,            \"cardType\": \"身份证\",            \"userType\": \"15\",            \"userName\": \"刘杰\",            \"certIssueDate\": \"2019-11-11 19:34:37\",            \"certExpireDate\": \"2020-11-11 19:34:37\",            \"agencyName\": \"奇管理机构\",            \"certStatusText\": \"已吊销\"        }    ],    \"current\": 1,    \"size\": 10,    \"pages\": null,    \"total\": 16,    \"code\": \"200\",    \"msg\": \"请求成功\",    \"timestamp\": 1609212912078}","desced":true,"propertyDescs":[{"name":"rows","desc":"响应数据体","required":1,"propertys":[{"name":"cardNum","desc":"证件号码","type":"String","required":1,"propertys":[]},{"name":"certStatus","desc":"证书状状态","type":"Number","required":1,"propertys":[]},{"name":"userType","desc":"用户类型","type":"String","required":1,"propertys":[]},{"name":"userName","desc":"经办人名称","type":"String","required":1,"propertys":[]},{"name":"certIssueDate","desc":"证书发放日期","type":"String","required":1,"propertys":[]},{"name":"certExpireDate","desc":"证书截止日期","type":"String","required":1,"propertys":[]},{"name":"agencyName","desc":"机构名称","type":"String","required":1,"propertys":[]},{"name":"certStatusText","desc":"证书状态文本","type":"String","required":1,"propertys":[]}],"type":"Object"},{"name":"total","desc":"总数","type":"Number","required":1,"propertys":[{"name":"a","desc":"c","type":"String","required":1,"propertys":[]},{"name":"c","desc":"z","type":"String","required":1,"propertys":[]}]}]},"errored":{"json":"{    \"code\": 500,    \"msg\": \"获取失败\"}","desced":true,"propertyDescs":[{"name":"code","desc":"响应码","required":1,"propertys":[],"type":"Number"},{"name":"msg","desc":"响应消息","type":"String","required":1,"propertys":[]}]}}', '1344476814087946242', '代销机构经办人统计', 1, 1, '2020-12-31 10:53:47.000000', '2020-12-31 10:53:47.000000');
INSERT INTO  YCC_API_INFO (ID, GROUP_ID, API_URL, REQ_METHOD, REQ_HEADERS, REQ_DATA_TYPE, REQ_CONTENT, RES_DATA_TYPE, RES_CONTENT, PROJECT_VERSION_ID, API_DESC, STATUS, DEL, CREATE_TIME, UPDATE_TIME) VALUES ('1344476816084434946', '0', '/consignment/person/operator/list/export', 'GET', null, 'application/json', '{"body":{"definitions":[]},"query":{"definitions":[{"name":"certExpireDateStart","desc":"截止时间起始","type":"String","required":0},{"name":"certExpireDateEnd","desc":"截止时间结束","type":"String","required":0}]},"param":{"definitions":[]}}', 'JSON', '{"successed":{"json":"","desced":false,"propertyDescs":[]},"errored":{"json":"","desced":false,"propertyDescs":[]}}', '1344476814087946242', '导出代销经办', 1, 1, '2020-12-31 10:53:47.000000', '2020-12-31 10:53:47.000000');
INSERT INTO  YCC_API_INFO (ID, GROUP_ID, API_URL, REQ_METHOD, REQ_HEADERS, REQ_DATA_TYPE, REQ_CONTENT, RES_DATA_TYPE, RES_CONTENT, PROJECT_VERSION_ID, API_DESC, STATUS, DEL, CREATE_TIME, UPDATE_TIME) VALUES ('1344477935309291522', '0', '/user/login', 'POST', '[{"key":"Content-Type","value":"application/json;charset=utf-8"}]', 'application/json;charset=utf-8', '{"body":{"definitions":[{"name":"username","desc":"用户名","type":"String","required":1,"propertys":[]},{"name":"password","desc":"密码 (MD5加密后传入)","type":"String","required":1,"propertys":[]},{"name":"vaildCode","desc":"验证码","type":"String","required":1,"propertys":[]}]},"query":{"definitions":[{"name":"clientType","desc":"请求客户端类型 1pc端 2app端","type":"String","required":1}]},"param":{"definitions":[]}}', 'JSON', '{"successed":{"json":"{    \"data\": {        \"fileId\": 1    },    \"code\": 200}","desced":true,"propertyDescs":[{"name":"data","desc":"响应数据","required":1,"propertys":[{"name":"fileId","desc":"文件id","required":1,"propertys":[],"type":"Number"}],"type":"Object"},{"name":"code","desc":"code","required":1,"propertys":[],"type":"Number"}]},"errored":{"json":"{    \"code\": \"500\",    \"msg\": \"异常消息\"}","desced":true,"propertyDescs":[{"name":"code","desc":"状态码","required":1,"propertys":[],"type":"String"},{"name":"msg","desc":"异常消息","required":1,"propertys":[],"type":"String"}]}}', '1344477934692728834', '登录', 1, 0, '2020-12-31 10:58:14.000000', '2020-12-31 12:00:25.000000');
INSERT INTO  YCC_API_INFO (ID, GROUP_ID, API_URL, REQ_METHOD, REQ_HEADERS, REQ_DATA_TYPE, REQ_CONTENT, RES_DATA_TYPE, RES_CONTENT, PROJECT_VERSION_ID, API_DESC, STATUS, DEL, CREATE_TIME, UPDATE_TIME) VALUES ('1344477935607087106', '0', '/user/{userId}', 'DELETE', null, 'application/json', '{"body":{"definitions":[]},"query":{"definitions":[]},"param":{"definitions":[{"name":"userId","desc":"用户ID","type":"String","required":1}]}}', 'JSON', '{"successed":{"json":"{    \"msg\": \"删除成功\",    \"code\": 200 }","desced":true,"propertyDescs":[{"name":"msg","desc":"响应消息","required":1,"propertys":[],"type":"String"},{"name":"code","desc":"状态码","required":1,"propertys":[],"type":"Number"}]},"errored":{"json":"{    \"code\": 500,    \"msg\": \"异常消息\"}","desced":true,"propertyDescs":[{"name":"code","desc":"状态码","required":1,"propertys":[],"type":"Number"},{"name":"msg","desc":"异常消息","required":1,"propertys":[],"type":"String"}]}}', '1344477934692728834', '删除用户', 1, 0, '2020-12-31 10:58:14.000000', '2020-12-31 12:00:19.000000');
INSERT INTO  YCC_API_INFO (ID, GROUP_ID, API_URL, REQ_METHOD, REQ_HEADERS, REQ_DATA_TYPE, REQ_CONTENT, RES_DATA_TYPE, RES_CONTENT, PROJECT_VERSION_ID, API_DESC, STATUS, DEL, CREATE_TIME, UPDATE_TIME) VALUES ('1344477935913271298', '0', '/user/{userId}', 'GET', null, 'application/json', '{"body":{"definitions":[]},"query":{"definitions":[{"name":"clientType","desc":"客户端标识","type":"String","required":0}]},"param":{"definitions":[{"name":"userId","desc":"用户ID","type":"String","required":1}]}}', 'JSON', '{"successed":{"json":"{    \"code\": 200,    \"data\": {        \"user\": {            \"name\": \"张三\"        }    }}","desced":true,"propertyDescs":[{"name":"code","desc":"状态码","required":1,"propertys":[],"type":"Number"},{"name":"data","desc":"响应体","required":1,"propertys":[{"name":"user","desc":"用户","required":1,"propertys":[{"name":"name","desc":"用户名称","required":1,"propertys":[],"type":"String"}],"type":"Object"}],"type":"Object"}]},"errored":{"json":"{    \"code\": 500 }","desced":true,"propertyDescs":[{"name":"code","desc":"状态码","required":1,"propertys":[],"type":"Number"}]}}', '1344477934692728834', '添加用户', 1, 1, '2020-12-31 10:58:14.000000', '2020-12-31 10:58:14.000000');
INSERT INTO  YCC_API_INFO (ID, GROUP_ID, API_URL, REQ_METHOD, REQ_HEADERS, REQ_DATA_TYPE, REQ_CONTENT, RES_DATA_TYPE, RES_CONTENT, PROJECT_VERSION_ID, API_DESC, STATUS, DEL, CREATE_TIME, UPDATE_TIME) VALUES ('1344477936194289666', '0', '/user/update', 'PUT', '[{"key":"Content-Type","value":"application/json"}]', 'application/json', '{"body":{"definitions":[{"name":"name","desc":"用户名","type":"String","required":1,"propertys":[]},{"name":"role","desc":"角色","type":"Object","required":1,"propertys":[{"name":"roleName","desc":"角色名称","type":"String","required":1,"propertys":[]}]},{"name":"loginName","desc":"登录帐号","type":"String","required":1,"propertys":[]},{"name":"password","desc":"密码","type":"String","required":1,"propertys":[]}]},"query":{"definitions":[]},"param":{"definitions":[]}}', 'JSON', '{"successed":{"json":"{    \"code\": 200,    \"msg\": \"更新成功\"}","desced":true,"propertyDescs":[{"name":"code","desc":"状态码 200成功","required":1,"propertys":[],"type":"Number"},{"name":"msg","desc":"消息","required":1,"propertys":[],"type":"String"}]},"errored":{"json":"{    \"code\": 500}","desced":true,"propertyDescs":[{"name":"code","desc":"状态码","required":1,"propertys":[],"type":"Number"}]}}', '1344477934692728834', '更新用户信息', 1, 0, '2020-12-31 10:58:14.000000', '2020-12-31 10:58:14.000000');
INSERT INTO  YCC_API_INFO (ID, GROUP_ID, API_URL, REQ_METHOD, REQ_HEADERS, REQ_DATA_TYPE, REQ_CONTENT, RES_DATA_TYPE, RES_CONTENT, PROJECT_VERSION_ID, API_DESC, STATUS, DEL, CREATE_TIME, UPDATE_TIME) VALUES ('1344477936500473857', '0', '/consignment/person/operator/list', 'POST', '[{"key":"Content-Type","value":"application/json"}]', 'application/json', '{"body":{"definitions":[{"name":"pageNum","desc":"当前页码 （不填则不分页）","type":"Number","required":0,"propertys":[]},{"name":"pageSize","desc":"每页条数 （不填则不分页）","type":"Number","required":0,"propertys":[]},{"name":"certExpireDateStart","desc":"起始日期","type":"String","required":0,"propertys":[]},{"name":"certExpireDateEnd","desc":"截止日期","type":"String","required":0,"propertys":[]}]},"query":{"definitions":[]},"param":{"definitions":[]}}', 'JSON', '{"successed":{"json":"{    \"rows\": [        {            \"cardNum\": \"371581199012213018\",            \"certStatus\": 0,            \"cardType\": \"身份证\",            \"userType\": \"15\",            \"userName\": \"刘杰\",            \"certIssueDate\": \"2019-11-11 19:34:37\",            \"certExpireDate\": \"2020-11-11 19:34:37\",            \"agencyName\": \"奇管理机构\",            \"certStatusText\": \"已吊销\"        }    ],    \"current\": 1,    \"size\": 10,    \"pages\": null,    \"total\": 16,    \"code\": \"200\",    \"msg\": \"请求成功\",    \"timestamp\": 1609212912078}","desced":true,"propertyDescs":[{"name":"rows","desc":"响应数据体","required":1,"propertys":[{"name":"cardNum","desc":"证件号码","type":"String","required":1,"propertys":[]},{"name":"certStatus","desc":"证书状状态","type":"Number","required":1,"propertys":[]},{"name":"userType","desc":"用户类型","type":"String","required":1,"propertys":[]},{"name":"userName","desc":"经办人名称","type":"String","required":1,"propertys":[]},{"name":"certIssueDate","desc":"证书发放日期","type":"String","required":1,"propertys":[]},{"name":"certExpireDate","desc":"证书截止日期","type":"String","required":1,"propertys":[]},{"name":"agencyName","desc":"机构名称","type":"String","required":1,"propertys":[]},{"name":"certStatusText","desc":"证书状态文本","type":"String","required":1,"propertys":[]}],"type":"Object"},{"name":"total","desc":"总数","type":"Number","required":1,"propertys":[{"name":"a","desc":"c","type":"String","required":1,"propertys":[]},{"name":"c","desc":"z","type":"String","required":1,"propertys":[]}]}]},"errored":{"json":"{    \"code\": 500,    \"msg\": \"获取失败\"}","desced":true,"propertyDescs":[{"name":"code","desc":"响应码","required":1,"propertys":[],"type":"Number"},{"name":"msg","desc":"响应消息","type":"String","required":1,"propertys":[]}]}}', '1344477934692728834', '代销机构经办人统计', 1, 0, '2020-12-31 10:58:14.000000', '2020-12-31 10:58:14.000000');
INSERT INTO  YCC_API_INFO (ID, GROUP_ID, API_URL, REQ_METHOD, REQ_HEADERS, REQ_DATA_TYPE, REQ_CONTENT, RES_DATA_TYPE, RES_CONTENT, PROJECT_VERSION_ID, API_DESC, STATUS, DEL, CREATE_TIME, UPDATE_TIME) VALUES ('1344477936768909313', '0', '/consignment/person/operator/list/export', 'GET', null, 'application/json', '{"body":{"definitions":[]},"query":{"definitions":[{"name":"certExpireDateStart","desc":"截止时间起始","type":"String","required":0},{"name":"certExpireDateEnd","desc":"截止时间结束","type":"String","required":0}]},"param":{"definitions":[]}}', 'JSON', '{"successed":{"json":"","desced":false,"propertyDescs":[]},"errored":{"json":"","desced":false,"propertyDescs":[]}}', '1344477934692728834', '导出代销经办', 1, 0, '2020-12-31 10:58:14.000000', '2020-12-31 10:58:14.000000');
INSERT INTO  YCC_API_INFO (ID, GROUP_ID, API_URL, REQ_METHOD, REQ_HEADERS, REQ_DATA_TYPE, REQ_CONTENT, RES_DATA_TYPE, RES_CONTENT, PROJECT_VERSION_ID, API_DESC, STATUS, DEL, CREATE_TIME, UPDATE_TIME) VALUES ('1344486290551603201', '0', '/user/login', 'POST', '[{"key":"Content-Type","value":"application/json;charset=utf-8"}]', 'application/json;charset=utf-8', '{"body":{"definitions":[{"name":"username","desc":"用户名","type":"String","required":1,"propertys":[]},{"name":"password","desc":"密码 (MD5加密后传入)","type":"String","required":1,"propertys":[]},{"name":"vaildCode","desc":"验证码","type":"String","required":1,"propertys":[]}]},"query":{"definitions":[{"name":"clientType","desc":"请求客户端类型 1pc端 2app端","type":"String","required":1}]},"param":{"definitions":[]}}', 'JSON', '{"successed":{"json":"{    \"data\": {        \"fileId\": 1    },    \"code\": 200}","desced":true,"propertyDescs":[{"name":"data","desc":"响应数据","required":1,"propertys":[{"name":"fileId","desc":"文件id","required":1,"propertys":[],"type":"Number"}],"type":"Object"},{"name":"code","desc":"code","required":1,"propertys":[],"type":"Number"}]},"errored":{"json":"{    \"code\": \"500\",    \"msg\": \"异常消息\"}","desced":true,"propertyDescs":[{"name":"code","desc":"状态码","required":1,"propertys":[],"type":"String"},{"name":"msg","desc":"异常消息","required":1,"propertys":[],"type":"String"}]}}', '1344486289968594946', '登录', 1, 1, '2020-12-31 11:31:26.000000', '2020-12-31 11:31:26.000000');
INSERT INTO  YCC_API_INFO (ID, GROUP_ID, API_URL, REQ_METHOD, REQ_HEADERS, REQ_DATA_TYPE, REQ_CONTENT, RES_DATA_TYPE, RES_CONTENT, PROJECT_VERSION_ID, API_DESC, STATUS, DEL, CREATE_TIME, UPDATE_TIME) VALUES ('1344486290853593090', '0', '/user/{userId}', 'DELETE', null, 'application/json', '{"body":{"definitions":[]},"query":{"definitions":[]},"param":{"definitions":[{"name":"userId","desc":"用户ID","type":"String","required":1}]}}', 'JSON', '{"successed":{"json":"{    \"msg\": \"删除成功\",    \"code\": 200 }","desced":true,"propertyDescs":[{"name":"msg","desc":"响应消息","required":1,"propertys":[],"type":"String"},{"name":"code","desc":"状态码","required":1,"propertys":[],"type":"Number"}]},"errored":{"json":"{    \"code\": 500,    \"msg\": \"异常消息\"}","desced":true,"propertyDescs":[{"name":"code","desc":"状态码","required":1,"propertys":[],"type":"Number"},{"name":"msg","desc":"异常消息","required":1,"propertys":[],"type":"String"}]}}', '1344486289968594946', '删除用户', 1, 1, '2020-12-31 11:31:26.000000', '2020-12-31 11:31:26.000000');
INSERT INTO  YCC_API_INFO (ID, GROUP_ID, API_URL, REQ_METHOD, REQ_HEADERS, REQ_DATA_TYPE, REQ_CONTENT, RES_DATA_TYPE, RES_CONTENT, PROJECT_VERSION_ID, API_DESC, STATUS, DEL, CREATE_TIME, UPDATE_TIME) VALUES ('1344486291147194370', '0', '/user/update', 'PUT', '[{"key":"Content-Type","value":"application/json"}]', 'application/json', '{"body":{"definitions":[{"name":"name","desc":"用户名","type":"String","required":1,"propertys":[]},{"name":"role","desc":"角色","type":"Object","required":1,"propertys":[{"name":"roleName","desc":"角色名称","type":"String","required":1,"propertys":[]}]},{"name":"loginName","desc":"登录帐号","type":"String","required":1,"propertys":[]},{"name":"password","desc":"密码","type":"String","required":1,"propertys":[]}]},"query":{"definitions":[]},"param":{"definitions":[]}}', 'JSON', '{"successed":{"json":"{    \"code\": 200,    \"msg\": \"更新成功\"}","desced":true,"propertyDescs":[{"name":"code","desc":"状态码 200成功","required":1,"propertys":[],"type":"Number"},{"name":"msg","desc":"消息","required":1,"propertys":[],"type":"String"}]},"errored":{"json":"{    \"code\": 500}","desced":true,"propertyDescs":[{"name":"code","desc":"状态码","required":1,"propertys":[],"type":"Number"}]}}', '1344486289968594946', '更新用户信息', 1, 1, '2020-12-31 11:31:26.000000', '2020-12-31 11:31:26.000000');
INSERT INTO  YCC_API_INFO (ID, GROUP_ID, API_URL, REQ_METHOD, REQ_HEADERS, REQ_DATA_TYPE, REQ_CONTENT, RES_DATA_TYPE, RES_CONTENT, PROJECT_VERSION_ID, API_DESC, STATUS, DEL, CREATE_TIME, UPDATE_TIME) VALUES ('1344486291407241217', '0', '/consignment/person/operator/list', 'POST', '[{"key":"Content-Type","value":"application/json"}]', 'application/json', '{"body":{"definitions":[{"name":"pageNum","desc":"当前页码 （不填则不分页）","type":"Number","required":0,"propertys":[]},{"name":"pageSize","desc":"每页条数 （不填则不分页）","type":"Number","required":0,"propertys":[]},{"name":"certExpireDateStart","desc":"起始日期","type":"String","required":0,"propertys":[]},{"name":"certExpireDateEnd","desc":"截止日期","type":"String","required":0,"propertys":[]}]},"query":{"definitions":[]},"param":{"definitions":[]}}', 'JSON', '{"successed":{"json":"{    \"rows\": [        {            \"cardNum\": \"371581199012213018\",            \"certStatus\": 0,            \"cardType\": \"身份证\",            \"userType\": \"15\",            \"userName\": \"刘杰\",            \"certIssueDate\": \"2019-11-11 19:34:37\",            \"certExpireDate\": \"2020-11-11 19:34:37\",            \"agencyName\": \"奇管理机构\",            \"certStatusText\": \"已吊销\"        }    ],    \"current\": 1,    \"size\": 10,    \"pages\": null,    \"total\": 16,    \"code\": \"200\",    \"msg\": \"请求成功\",    \"timestamp\": 1609212912078}","desced":true,"propertyDescs":[{"name":"rows","desc":"响应数据体","required":1,"propertys":[{"name":"cardNum","desc":"证件号码","type":"String","required":1,"propertys":[]},{"name":"certStatus","desc":"证书状状态","type":"Number","required":1,"propertys":[]},{"name":"userType","desc":"用户类型","type":"String","required":1,"propertys":[]},{"name":"userName","desc":"经办人名称","type":"String","required":1,"propertys":[]},{"name":"certIssueDate","desc":"证书发放日期","type":"String","required":1,"propertys":[]},{"name":"certExpireDate","desc":"证书截止日期","type":"String","required":1,"propertys":[]},{"name":"agencyName","desc":"机构名称","type":"String","required":1,"propertys":[]},{"name":"certStatusText","desc":"证书状态文本","type":"String","required":1,"propertys":[]}],"type":"Object"},{"name":"total","desc":"总数","type":"Number","required":1,"propertys":[{"name":"a","desc":"c","type":"String","required":1,"propertys":[]},{"name":"c","desc":"z","type":"String","required":1,"propertys":[]}]}]},"errored":{"json":"{    \"code\": 500,    \"msg\": \"获取失败\"}","desced":true,"propertyDescs":[{"name":"code","desc":"响应码","required":1,"propertys":[],"type":"Number"},{"name":"msg","desc":"响应消息","type":"String","required":1,"propertys":[]}]}}', '1344486289968594946', '代销机构经办人统计', 1, 1, '2020-12-31 11:31:26.000000', '2020-12-31 11:31:26.000000');
INSERT INTO  YCC_API_INFO (ID, GROUP_ID, API_URL, REQ_METHOD, REQ_HEADERS, REQ_DATA_TYPE, REQ_CONTENT, RES_DATA_TYPE, RES_CONTENT, PROJECT_VERSION_ID, API_DESC, STATUS, DEL, CREATE_TIME, UPDATE_TIME) VALUES ('1344486291679870977', '0', '/consignment/person/operator/list/export', 'GET', null, 'application/json', '{"body":{"definitions":[]},"query":{"definitions":[{"name":"certExpireDateStart","desc":"截止时间起始","type":"String","required":0},{"name":"certExpireDateEnd","desc":"截止时间结束","type":"String","required":0}]},"param":{"definitions":[]}}', 'JSON', '{"successed":{"json":"","desced":false,"propertyDescs":[]},"errored":{"json":"","desced":false,"propertyDescs":[]}}', '1344486289968594946', '导出代销经办', 1, 1, '2020-12-31 11:31:26.000000', '2020-12-31 11:31:26.000000');
INSERT INTO  YCC_API_INFO (ID, GROUP_ID, API_URL, REQ_METHOD, REQ_HEADERS, REQ_DATA_TYPE, REQ_CONTENT, RES_DATA_TYPE, RES_CONTENT, PROJECT_VERSION_ID, API_DESC, STATUS, DEL, CREATE_TIME, UPDATE_TIME) VALUES ('1344489674016948225', '0', '/user/login', 'POST', '[{"key":"Content-Type","value":"application/json;charset=utf-8"}]', 'application/json;charset=utf-8', '{"body":{"definitions":[{"name":"username","desc":"用户名","type":"String","required":1,"propertys":[]},{"name":"password","desc":"密码 (MD5加密后传入)","type":"String","required":1,"propertys":[]},{"name":"vaildCode","desc":"验证码","type":"String","required":1,"propertys":[]}]},"query":{"definitions":[{"name":"clientType","desc":"请求客户端类型 1pc端 2app端","type":"String","required":1}]},"param":{"definitions":[]}}', 'JSON', '{"successed":{"json":"{    \"data\": {        \"fileId\": 1    },    \"code\": 200}","desced":true,"propertyDescs":[{"name":"data","desc":"响应数据","required":1,"propertys":[{"name":"fileId","desc":"文件id","required":1,"propertys":[],"type":"Number"}],"type":"Object"},{"name":"code","desc":"code","required":1,"propertys":[],"type":"Number"}]},"errored":{"json":"{    \"code\": \"500\",    \"msg\": \"异常消息\"}","desced":true,"propertyDescs":[{"name":"code","desc":"状态码","required":1,"propertys":[],"type":"String"},{"name":"msg","desc":"异常消息","required":1,"propertys":[],"type":"String"}]}}', '1344489673467494401', '登录', 1, 1, '2020-12-31 11:44:52.000000', '2020-12-31 11:44:52.000000');
INSERT INTO  YCC_API_INFO (ID, GROUP_ID, API_URL, REQ_METHOD, REQ_HEADERS, REQ_DATA_TYPE, REQ_CONTENT, RES_DATA_TYPE, RES_CONTENT, PROJECT_VERSION_ID, API_DESC, STATUS, DEL, CREATE_TIME, UPDATE_TIME) VALUES ('1344489674268606466', '0', '/user/{userId}', 'DELETE', null, 'application/json', '{"body":{"definitions":[]},"query":{"definitions":[]},"param":{"definitions":[{"name":"userId","desc":"用户ID","type":"String","required":1}]}}', 'JSON', '{"successed":{"json":"{    \"msg\": \"删除成功\",    \"code\": 200 }","desced":true,"propertyDescs":[{"name":"msg","desc":"响应消息","required":1,"propertys":[],"type":"String"},{"name":"code","desc":"状态码","required":1,"propertys":[],"type":"Number"}]},"errored":{"json":"{    \"code\": 500,    \"msg\": \"异常消息\"}","desced":true,"propertyDescs":[{"name":"code","desc":"状态码","required":1,"propertys":[],"type":"Number"},{"name":"msg","desc":"异常消息","required":1,"propertys":[],"type":"String"}]}}', '1344489673467494401', '删除用户', 1, 1, '2020-12-31 11:44:52.000000', '2020-12-31 11:44:52.000000');
INSERT INTO  YCC_API_INFO (ID, GROUP_ID, API_URL, REQ_METHOD, REQ_HEADERS, REQ_DATA_TYPE, REQ_CONTENT, RES_DATA_TYPE, RES_CONTENT, PROJECT_VERSION_ID, API_DESC, STATUS, DEL, CREATE_TIME, UPDATE_TIME) VALUES ('1344489674520264705', '0', '/user/update', 'PUT', '[{"key":"Content-Type","value":"application/json"}]', 'application/json', '{"body":{"definitions":[{"name":"name","desc":"用户名","type":"String","required":1,"propertys":[]},{"name":"role","desc":"角色","type":"Object","required":1,"propertys":[{"name":"roleName","desc":"角色名称","type":"String","required":1,"propertys":[]}]},{"name":"loginName","desc":"登录帐号","type":"String","required":1,"propertys":[]},{"name":"password","desc":"密码","type":"String","required":1,"propertys":[]}]},"query":{"definitions":[]},"param":{"definitions":[]}}', 'JSON', '{"successed":{"json":"{    \"code\": 200,    \"msg\": \"更新成功\"}","desced":true,"propertyDescs":[{"name":"code","desc":"状态码 200成功","required":1,"propertys":[],"type":"Number"},{"name":"msg","desc":"消息","required":1,"propertys":[],"type":"String"}]},"errored":{"json":"{    \"code\": 500}","desced":true,"propertyDescs":[{"name":"code","desc":"状态码","required":1,"propertys":[],"type":"Number"}]}}', '1344489673467494401', '更新用户信息', 1, 1, '2020-12-31 11:44:52.000000', '2020-12-31 11:44:52.000000');
INSERT INTO  YCC_API_INFO (ID, GROUP_ID, API_URL, REQ_METHOD, REQ_HEADERS, REQ_DATA_TYPE, REQ_CONTENT, RES_DATA_TYPE, RES_CONTENT, PROJECT_VERSION_ID, API_DESC, STATUS, DEL, CREATE_TIME, UPDATE_TIME) VALUES ('1344489674797088770', '0', '/consignment/person/operator/list', 'POST', '[{"key":"Content-Type","value":"application/json"}]', 'application/json', '{"body":{"definitions":[{"name":"pageNum","desc":"当前页码 （不填则不分页）","type":"Number","required":0,"propertys":[]},{"name":"pageSize","desc":"每页条数 （不填则不分页）","type":"Number","required":0,"propertys":[]},{"name":"certExpireDateStart","desc":"起始日期","type":"String","required":0,"propertys":[]},{"name":"certExpireDateEnd","desc":"截止日期","type":"String","required":0,"propertys":[]}]},"query":{"definitions":[]},"param":{"definitions":[]}}', 'JSON', '{"successed":{"json":"{    \"rows\": [        {            \"cardNum\": \"371581199012213018\",            \"certStatus\": 0,            \"cardType\": \"身份证\",            \"userType\": \"15\",            \"userName\": \"刘杰\",            \"certIssueDate\": \"2019-11-11 19:34:37\",            \"certExpireDate\": \"2020-11-11 19:34:37\",            \"agencyName\": \"奇管理机构\",            \"certStatusText\": \"已吊销\"        }    ],    \"current\": 1,    \"size\": 10,    \"pages\": null,    \"total\": 16,    \"code\": \"200\",    \"msg\": \"请求成功\",    \"timestamp\": 1609212912078}","desced":true,"propertyDescs":[{"name":"rows","desc":"响应数据体","required":1,"propertys":[{"name":"cardNum","desc":"证件号码","type":"String","required":1,"propertys":[]},{"name":"certStatus","desc":"证书状状态","type":"Number","required":1,"propertys":[]},{"name":"userType","desc":"用户类型","type":"String","required":1,"propertys":[]},{"name":"userName","desc":"经办人名称","type":"String","required":1,"propertys":[]},{"name":"certIssueDate","desc":"证书发放日期","type":"String","required":1,"propertys":[]},{"name":"certExpireDate","desc":"证书截止日期","type":"String","required":1,"propertys":[]},{"name":"agencyName","desc":"机构名称","type":"String","required":1,"propertys":[]},{"name":"certStatusText","desc":"证书状态文本","type":"String","required":1,"propertys":[]}],"type":"Object"},{"name":"total","desc":"总数","type":"Number","required":1,"propertys":[{"name":"a","desc":"c","type":"String","required":1,"propertys":[]},{"name":"c","desc":"z","type":"String","required":1,"propertys":[]}]}]},"errored":{"json":"{    \"code\": 500,    \"msg\": \"获取失败\"}","desced":true,"propertyDescs":[{"name":"code","desc":"响应码","required":1,"propertys":[],"type":"Number"},{"name":"msg","desc":"响应消息","type":"String","required":1,"propertys":[]}]}}', '1344489673467494401', '代销机构经办人统计', 1, 1, '2020-12-31 11:44:53.000000', '2020-12-31 11:44:53.000000');
INSERT INTO  YCC_API_INFO (ID, GROUP_ID, API_URL, REQ_METHOD, REQ_HEADERS, REQ_DATA_TYPE, REQ_CONTENT, RES_DATA_TYPE, RES_CONTENT, PROJECT_VERSION_ID, API_DESC, STATUS, DEL, CREATE_TIME, UPDATE_TIME) VALUES ('1344489675048747010', '0', '/consignment/person/operator/list/export', 'GET', null, 'application/json', '{"body":{"definitions":[]},"query":{"definitions":[{"name":"certExpireDateStart","desc":"截止时间起始","type":"String","required":0},{"name":"certExpireDateEnd","desc":"截止时间结束","type":"String","required":0}]},"param":{"definitions":[]}}', 'JSON', '{"successed":{"json":"","desced":false,"propertyDescs":[]},"errored":{"json":"","desced":false,"propertyDescs":[]}}', '1344489673467494401', '导出代销经办', 1, 1, '2020-12-31 11:44:53.000000', '2020-12-31 11:44:53.000000');
INSERT INTO  YCC_API_INFO (ID, GROUP_ID, API_URL, REQ_METHOD, REQ_HEADERS, REQ_DATA_TYPE, REQ_CONTENT, RES_DATA_TYPE, RES_CONTENT, PROJECT_VERSION_ID, API_DESC, STATUS, DEL, CREATE_TIME, UPDATE_TIME) VALUES ('1344489886294867969', '0', '/user/login', 'POST', '[{"key":"Content-Type","value":"application/json;charset=utf-8"}]', 'application/json;charset=utf-8', '{"body":{"definitions":[{"name":"username","desc":"用户名","type":"String","required":1,"propertys":[]},{"name":"password","desc":"密码 (MD5加密后传入)","type":"String","required":1,"propertys":[]},{"name":"vaildCode","desc":"验证码","type":"String","required":1,"propertys":[]}]},"query":{"definitions":[{"name":"clientType","desc":"请求客户端类型 1pc端 2app端","type":"String","required":1}]},"param":{"definitions":[]}}', 'JSON', '{"successed":{"json":"{    \"data\": {        \"fileId\": 1    },    \"code\": 200}","desced":true,"propertyDescs":[{"name":"data","desc":"响应数据","required":1,"propertys":[{"name":"fileId","desc":"文件id","required":1,"propertys":[],"type":"Number"}],"type":"Object"},{"name":"code","desc":"code","required":1,"propertys":[],"type":"Number"}]},"errored":{"json":"{    \"code\": \"500\",    \"msg\": \"异常消息\"}","desced":true,"propertyDescs":[{"name":"code","desc":"状态码","required":1,"propertys":[],"type":"String"},{"name":"msg","desc":"异常消息","required":1,"propertys":[],"type":"String"}]}}', '1344489885745414145', '登录', 1, 0, '2020-12-31 11:45:43.000000', '2020-12-31 11:45:43.000000');
INSERT INTO  YCC_API_INFO (ID, GROUP_ID, API_URL, REQ_METHOD, REQ_HEADERS, REQ_DATA_TYPE, REQ_CONTENT, RES_DATA_TYPE, RES_CONTENT, PROJECT_VERSION_ID, API_DESC, STATUS, DEL, CREATE_TIME, UPDATE_TIME) VALUES ('1344489886559109121', '0', '/user/{userId}', 'DELETE', null, 'application/json', '{"body":{"definitions":[]},"query":{"definitions":[]},"param":{"definitions":[{"name":"userId","desc":"用户ID","type":"String","required":1}]}}', 'JSON', '{"successed":{"json":"{    \"msg\": \"删除成功\",    \"code\": 200 }","desced":true,"propertyDescs":[{"name":"msg","desc":"响应消息","required":1,"propertys":[],"type":"String"},{"name":"code","desc":"状态码","required":1,"propertys":[],"type":"Number"}]},"errored":{"json":"{    \"code\": 500,    \"msg\": \"异常消息\"}","desced":true,"propertyDescs":[{"name":"code","desc":"状态码","required":1,"propertys":[],"type":"Number"},{"name":"msg","desc":"异常消息","required":1,"propertys":[],"type":"String"}]}}', '1344489885745414145', '删除用户', 1, 0, '2020-12-31 11:45:43.000000', '2020-12-31 11:45:43.000000');
INSERT INTO  YCC_API_INFO (ID, GROUP_ID, API_URL, REQ_METHOD, REQ_HEADERS, REQ_DATA_TYPE, REQ_CONTENT, RES_DATA_TYPE, RES_CONTENT, PROJECT_VERSION_ID, API_DESC, STATUS, DEL, CREATE_TIME, UPDATE_TIME) VALUES ('1344489886814961666', '0', '/user/update', 'PUT', '[{"key":"Content-Type","value":"application/json"}]', 'application/json', '{"body":{"definitions":[{"name":"name","desc":"用户名","type":"String","required":1,"propertys":[]},{"name":"role","desc":"角色","type":"Object","required":1,"propertys":[{"name":"roleName","desc":"角色名称","type":"String","required":1,"propertys":[]}]},{"name":"loginName","desc":"登录帐号","type":"String","required":1,"propertys":[]},{"name":"password","desc":"密码","type":"String","required":1,"propertys":[]}]},"query":{"definitions":[]},"param":{"definitions":[]}}', 'JSON', '{"successed":{"json":"{    \"code\": 200,    \"msg\": \"更新成功\"}","desced":true,"propertyDescs":[{"name":"code","desc":"状态码 200成功","required":1,"propertys":[],"type":"Number"},{"name":"msg","desc":"消息","required":1,"propertys":[],"type":"String"}]},"errored":{"json":"{    \"code\": 500}","desced":true,"propertyDescs":[{"name":"code","desc":"状态码","required":1,"propertys":[],"type":"Number"}]}}', '1344489885745414145', '更新用户信息', 1, 0, '2020-12-31 11:45:43.000000', '2020-12-31 11:45:43.000000');
INSERT INTO  YCC_API_INFO (ID, GROUP_ID, API_URL, REQ_METHOD, REQ_HEADERS, REQ_DATA_TYPE, REQ_CONTENT, RES_DATA_TYPE, RES_CONTENT, PROJECT_VERSION_ID, API_DESC, STATUS, DEL, CREATE_TIME, UPDATE_TIME) VALUES ('1344489887083397121', '0', '/consignment/person/operator/list', 'POST', '[{"key":"Content-Type","value":"application/json"}]', 'application/json', '{"body":{"definitions":[{"name":"pageNum","desc":"当前页码 （不填则不分页）","type":"Number","required":0,"propertys":[]},{"name":"pageSize","desc":"每页条数 （不填则不分页）","type":"Number","required":0,"propertys":[]},{"name":"certExpireDateStart","desc":"起始日期","type":"String","required":0,"propertys":[]},{"name":"certExpireDateEnd","desc":"截止日期","type":"String","required":0,"propertys":[]}]},"query":{"definitions":[]},"param":{"definitions":[]}}', 'JSON', '{"successed":{"json":"{    \"rows\": [        {            \"cardNum\": \"371581199012213018\",            \"certStatus\": 0,            \"cardType\": \"身份证\",            \"userType\": \"15\",            \"userName\": \"刘杰\",            \"certIssueDate\": \"2019-11-11 19:34:37\",            \"certExpireDate\": \"2020-11-11 19:34:37\",            \"agencyName\": \"奇管理机构\",            \"certStatusText\": \"已吊销\"        }    ],    \"current\": 1,    \"size\": 10,    \"pages\": null,    \"total\": 16,    \"code\": \"200\",    \"msg\": \"请求成功\",    \"timestamp\": 1609212912078}","desced":true,"propertyDescs":[{"name":"rows","desc":"响应数据体","required":1,"propertys":[{"name":"cardNum","desc":"证件号码","type":"String","required":1,"propertys":[]},{"name":"certStatus","desc":"证书状状态","type":"Number","required":1,"propertys":[]},{"name":"userType","desc":"用户类型","type":"String","required":1,"propertys":[]},{"name":"userName","desc":"经办人名称","type":"String","required":1,"propertys":[]},{"name":"certIssueDate","desc":"证书发放日期","type":"String","required":1,"propertys":[]},{"name":"certExpireDate","desc":"证书截止日期","type":"String","required":1,"propertys":[]},{"name":"agencyName","desc":"机构名称","type":"String","required":1,"propertys":[]},{"name":"certStatusText","desc":"证书状态文本","type":"String","required":1,"propertys":[]}],"type":"Object"},{"name":"total","desc":"总数","type":"Number","required":1,"propertys":[{"name":"a","desc":"c","type":"String","required":1,"propertys":[]},{"name":"c","desc":"z","type":"String","required":1,"propertys":[]}]}]},"errored":{"json":"{    \"code\": 500,    \"msg\": \"获取失败\"}","desced":true,"propertyDescs":[{"name":"code","desc":"响应码","required":1,"propertys":[],"type":"Number"},{"name":"msg","desc":"响应消息","type":"String","required":1,"propertys":[]}]}}', '1344489885745414145', '代销机构经办人统计', 1, 0, '2020-12-31 11:45:43.000000', '2020-12-31 11:45:43.000000');
INSERT INTO  YCC_API_INFO (ID, GROUP_ID, API_URL, REQ_METHOD, REQ_HEADERS, REQ_DATA_TYPE, REQ_CONTENT, RES_DATA_TYPE, RES_CONTENT, PROJECT_VERSION_ID, API_DESC, STATUS, DEL, CREATE_TIME, UPDATE_TIME) VALUES ('1344489887376998402', '0', '/consignment/person/operator/list/export', 'GET', null, 'application/json', '{"body":{"definitions":[]},"query":{"definitions":[{"name":"certExpireDateStart","desc":"截止时间起始","type":"String","required":0},{"name":"certExpireDateEnd","desc":"截止时间结束","type":"String","required":0}]},"param":{"definitions":[]}}', 'JSON', '{"successed":{"json":"","desced":false,"propertyDescs":[]},"errored":{"json":"","desced":false,"propertyDescs":[]}}', '1344489885745414145', '导出代销经办', 1, 0, '2020-12-31 11:45:43.000000', '2020-12-31 11:45:43.000000');
INSERT INTO  YCC_API_INFO (ID, GROUP_ID, API_URL, REQ_METHOD, REQ_HEADERS, REQ_DATA_TYPE, REQ_CONTENT, RES_DATA_TYPE, RES_CONTENT, PROJECT_VERSION_ID, API_DESC, STATUS, DEL, CREATE_TIME, UPDATE_TIME) VALUES ('1344609122877734914', '0', '/user/login', 'POST', '[{"key":"Content-Type","value":"application/json;charset=utf-8"}]', 'application/json;charset=utf-8', '{"body":{"definitions":[{"name":"username","desc":"用户名","type":"String","required":1,"propertys":[]},{"name":"password","desc":"密码 (MD5加密后传入)","type":"String","required":1,"propertys":[]},{"name":"vaildCode","desc":"验证码","type":"String","required":1,"propertys":[]}]},"query":{"definitions":[{"name":"clientType","desc":"请求客户端类型 1pc端 2app端","type":"String","required":1}]},"param":{"definitions":[]}}', 'JSON', '{"successed":{"json":"{    \"data\": {        \"fileId\": 1    },    \"code\": 200}","desced":true,"propertyDescs":[{"name":"data","desc":"响应数据","required":1,"propertys":[{"name":"fileId","desc":"文件id","required":1,"propertys":[],"type":"Number"}],"type":"Object"},{"name":"code","desc":"code","required":1,"propertys":[],"type":"Number"}]},"errored":{"json":"{    \"code\": \"500\",    \"msg\": \"异常消息\"}","desced":true,"propertyDescs":[{"name":"code","desc":"状态码","required":1,"propertys":[],"type":"String"},{"name":"msg","desc":"异常消息","required":1,"propertys":[],"type":"String"}]}}', '1344609122324086785', '登录', 1, 1, '2020-12-31 19:39:31.000000', '2020-12-31 19:39:31.000000');
INSERT INTO  YCC_API_INFO (ID, GROUP_ID, API_URL, REQ_METHOD, REQ_HEADERS, REQ_DATA_TYPE, REQ_CONTENT, RES_DATA_TYPE, RES_CONTENT, PROJECT_VERSION_ID, API_DESC, STATUS, DEL, CREATE_TIME, UPDATE_TIME) VALUES ('1344609123137781761', '0', '/user/{userId}', 'DELETE', null, 'application/json', '{"body":{"definitions":[]},"query":{"definitions":[]},"param":{"definitions":[{"name":"userId","desc":"用户ID","type":"String","required":1}]}}', 'JSON', '{"successed":{"json":"{    \"msg\": \"删除成功\",    \"code\": 200 }","desced":true,"propertyDescs":[{"name":"msg","desc":"响应消息","required":1,"propertys":[],"type":"String"},{"name":"code","desc":"状态码","required":1,"propertys":[],"type":"Number"}]},"errored":{"json":"{    \"code\": 500,    \"msg\": \"异常消息\"}","desced":true,"propertyDescs":[{"name":"code","desc":"状态码","required":1,"propertys":[],"type":"Number"},{"name":"msg","desc":"异常消息","required":1,"propertys":[],"type":"String"}]}}', '1344609122324086785', '删除用户', 1, 1, '2020-12-31 19:39:31.000000', '2020-12-31 19:39:31.000000');
INSERT INTO  YCC_API_INFO (ID, GROUP_ID, API_URL, REQ_METHOD, REQ_HEADERS, REQ_DATA_TYPE, REQ_CONTENT, RES_DATA_TYPE, RES_CONTENT, PROJECT_VERSION_ID, API_DESC, STATUS, DEL, CREATE_TIME, UPDATE_TIME) VALUES ('1344609123393634306', '0', '/user/update', 'PUT', '[{"key":"Content-Type","value":"application/json"}]', 'application/json', '{"body":{"definitions":[{"name":"name","desc":"用户名","type":"String","required":1,"propertys":[]},{"name":"role","desc":"角色","type":"Object","required":1,"propertys":[{"name":"roleName","desc":"角色名称","type":"String","required":1,"propertys":[]}]},{"name":"loginName","desc":"登录帐号","type":"String","required":1,"propertys":[]},{"name":"password","desc":"密码","type":"String","required":1,"propertys":[]}]},"query":{"definitions":[]},"param":{"definitions":[]}}', 'JSON', '{"successed":{"json":"{    \"code\": 200,    \"msg\": \"更新成功\"}","desced":true,"propertyDescs":[{"name":"code","desc":"状态码 200成功","required":1,"propertys":[],"type":"Number"},{"name":"msg","desc":"消息","required":1,"propertys":[],"type":"String"}]},"errored":{"json":"{    \"code\": 500}","desced":true,"propertyDescs":[{"name":"code","desc":"状态码","required":1,"propertys":[],"type":"Number"}]}}', '1344609122324086785', '更新用户信息', 1, 1, '2020-12-31 19:39:31.000000', '2020-12-31 19:39:31.000000');
INSERT INTO  YCC_API_INFO (ID, GROUP_ID, API_URL, REQ_METHOD, REQ_HEADERS, REQ_DATA_TYPE, REQ_CONTENT, RES_DATA_TYPE, RES_CONTENT, PROJECT_VERSION_ID, API_DESC, STATUS, DEL, CREATE_TIME, UPDATE_TIME) VALUES ('1344609123641098242', '0', '/consignment/person/operator/list', 'POST', '[{"key":"Content-Type","value":"application/json"}]', 'application/json', '{"body":{"definitions":[{"name":"pageNum","desc":"当前页码 （不填则不分页）","type":"Number","required":0,"propertys":[]},{"name":"pageSize","desc":"每页条数 （不填则不分页）","type":"Number","required":0,"propertys":[]},{"name":"certExpireDateStart","desc":"起始日期","type":"String","required":0,"propertys":[]},{"name":"certExpireDateEnd","desc":"截止日期","type":"String","required":0,"propertys":[]}]},"query":{"definitions":[]},"param":{"definitions":[]}}', 'JSON', '{"successed":{"json":"{    \"rows\": [        {            \"cardNum\": \"371581199012213018\",            \"certStatus\": 0,            \"cardType\": \"身份证\",            \"userType\": \"15\",            \"userName\": \"刘杰\",            \"certIssueDate\": \"2019-11-11 19:34:37\",            \"certExpireDate\": \"2020-11-11 19:34:37\",            \"agencyName\": \"奇管理机构\",            \"certStatusText\": \"已吊销\"        }    ],    \"current\": 1,    \"size\": 10,    \"pages\": null,    \"total\": 16,    \"code\": \"200\",    \"msg\": \"请求成功\",    \"timestamp\": 1609212912078}","desced":true,"propertyDescs":[{"name":"rows","desc":"响应数据体","required":1,"propertys":[{"name":"cardNum","desc":"证件号码","type":"String","required":1,"propertys":[]},{"name":"certStatus","desc":"证书状状态","type":"Number","required":1,"propertys":[]},{"name":"userType","desc":"用户类型","type":"String","required":1,"propertys":[]},{"name":"userName","desc":"经办人名称","type":"String","required":1,"propertys":[]},{"name":"certIssueDate","desc":"证书发放日期","type":"String","required":1,"propertys":[]},{"name":"certExpireDate","desc":"证书截止日期","type":"String","required":1,"propertys":[]},{"name":"agencyName","desc":"机构名称","type":"String","required":1,"propertys":[]},{"name":"certStatusText","desc":"证书状态文本","type":"String","required":1,"propertys":[]}],"type":"Object"},{"name":"total","desc":"总数","type":"Number","required":1,"propertys":[{"name":"a","desc":"c","type":"String","required":1,"propertys":[]},{"name":"c","desc":"z","type":"String","required":1,"propertys":[]}]}]},"errored":{"json":"{    \"code\": 500,    \"msg\": \"获取失败\"}","desced":true,"propertyDescs":[{"name":"code","desc":"响应码","required":1,"propertys":[],"type":"Number"},{"name":"msg","desc":"响应消息","type":"String","required":1,"propertys":[]}]}}', '1344609122324086785', '代销机构经办人统计', 1, 1, '2020-12-31 19:39:31.000000', '2020-12-31 19:39:31.000000');
INSERT INTO  YCC_API_INFO (ID, GROUP_ID, API_URL, REQ_METHOD, REQ_HEADERS, REQ_DATA_TYPE, REQ_CONTENT, RES_DATA_TYPE, RES_CONTENT, PROJECT_VERSION_ID, API_DESC, STATUS, DEL, CREATE_TIME, UPDATE_TIME) VALUES ('1344609123905339394', '0', '/consignment/person/operator/list/export', 'GET', null, 'application/json', '{"body":{"definitions":[]},"query":{"definitions":[{"name":"certExpireDateStart","desc":"截止时间起始","type":"String","required":0},{"name":"certExpireDateEnd","desc":"截止时间结束","type":"String","required":0}]},"param":{"definitions":[]}}', 'JSON', '{"successed":{"json":"","desced":false,"propertyDescs":[]},"errored":{"json":"","desced":false,"propertyDescs":[]}}', '1344609122324086785', '导出代销经办', 1, 1, '2020-12-31 19:39:31.000000', '2020-12-31 19:39:31.000000');
INSERT INTO  YCC_API_INFO (ID, GROUP_ID, API_URL, REQ_METHOD, REQ_HEADERS, REQ_DATA_TYPE, REQ_CONTENT, RES_DATA_TYPE, RES_CONTENT, PROJECT_VERSION_ID, API_DESC, STATUS, DEL, CREATE_TIME, UPDATE_TIME) VALUES ('1348170161825370113', '0', '/test01/export/{exportId}', 'POST', '[{"key":"Content-Type","value":"application/json"}]', 'application/json', '{"body":{"definitions":[{"name":"pageNum","desc":"当前页码","type":"String","required":0,"propertys":[]},{"name":"pageSize","desc":"每页条数","type":"String","required":0,"propertys":[]},{"name":"entity","desc":"数据体","type":"Object","required":1,"propertys":[{"name":"projectName","desc":"项目名称","type":"String","required":1,"propertys":[]},{"name":"group","desc":"分组对象","type":"Object","required":1,"propertys":[{"name":"groupName","desc":"正是这样","type":"String","required":1,"propertys":[]},{"name":"version","desc":"","type":"Object","required":1,"propertys":[{"name":"versionName","desc":"项目名称","type":"String","required":0,"propertys":[]}]}]}]}]},"query":{"definitions":[{"name":"cc","desc":"踩踩踩","type":"String","required":1}]},"param":{"definitions":[{"name":"exportId","desc":"导出对象的ID","type":"String","required":1}]}}', 'JSON', '{"successed":{"json":"{    \"code\": 200,    \"data\": {        \"flag\": true,        \"entity\": {            \"user\": {                \"name\": \"zhangsan\",                \"role\": {                    \"roleName\": \"ADMIN\"                }            }        }    }}","desced":true,"propertyDescs":[{"name":"code","desc":"状态码","type":"String","required":1,"propertys":[]},{"name":"data","desc":"响应数据","type":"Object","required":1,"propertys":[{"name":"flag","desc":"标识","type":"String","required":1,"propertys":[]},{"name":"entity","desc":"","type":"Object","required":1,"propertys":[{"name":"user","desc":"","type":"Object","required":1,"propertys":[{"name":"name","desc":"名字","type":"String","required":1,"propertys":[]},{"name":"role","desc":"","type":"Object","required":1,"propertys":[{"name":"roleName","desc":"角色名称","type":"String","required":1,"propertys":[]}]}]}]}]}]},"errored":{"json":"{    \"code\": 500,    \"msg\": \"错误消息\"}","desced":false,"propertyDescs":[]}}', '1344489885745414145', '测试导出参数', 1, 0, '2021-01-10 15:29:49.000000', '2021-01-10 15:29:49.000000');
INSERT INTO  YCC_API_PROJECTS (ID, PROJECT_DESC, PROJECT_NAME, PROFILE_TEST_URL, PROFILE_DEV_URL, DEF_VERSION_ID, DEL, CREATE_TIME, UPDATE_TIME) VALUES ('1', '在线签署合同文件', '中证易签', 'http://www.baidu.com/23', 'http://www.baidu.com/1', '1', 0, '2020-12-04 15:33:56.000000', '2020-12-04 15:33:58.000000');
INSERT INTO  YCC_API_PROJECTS (ID, PROJECT_DESC, PROJECT_NAME, PROFILE_TEST_URL, PROFILE_DEV_URL, DEF_VERSION_ID, DEL, CREATE_TIME, UPDATE_TIME) VALUES ('1334777846227726337', 'ce''shi测试', 'ceshi', null, 'http://www.baidu.com', '1334777846630379522', 1, '2020-12-04 16:33:32.000000', '2020-12-04 16:33:32.000000');
INSERT INTO  YCC_API_PROJECTS (ID, PROJECT_DESC, PROJECT_NAME, PROFILE_TEST_URL, PROFILE_DEV_URL, DEF_VERSION_ID, DEL, CREATE_TIME, UPDATE_TIME) VALUES ('1334778113375531010', 'ce', 'ceshi02', null, 'http://www.baidu.com', '1334778114847731714', 1, '2020-12-04 16:34:36.000000', '2020-12-04 16:34:36.000000');
INSERT INTO  YCC_API_PROJECTS (ID, PROJECT_DESC, PROJECT_NAME, PROFILE_TEST_URL, PROFILE_DEV_URL, DEF_VERSION_ID, DEL, CREATE_TIME, UPDATE_TIME) VALUES ('1334778134128947201', 'ce', 'ceshi02', null, 'http://www.baidu.com', '1334778138256142337', 1, '2020-12-04 16:34:41.000000', '2020-12-04 16:34:41.000000');
INSERT INTO  YCC_API_PROJECTS (ID, PROJECT_DESC, PROJECT_NAME, PROFILE_TEST_URL, PROFILE_DEV_URL, DEF_VERSION_ID, DEL, CREATE_TIME, UPDATE_TIME) VALUES ('1335941608622825474', '为了测试', '测试项目', 'www.baidu.com01', 'add1', '1335941608895455233', 1, '2020-12-07 21:37:55.000000', '2020-12-07 21:37:55.000000');
INSERT INTO  YCC_API_PROJECTS_VERSIONS (ID, PROJECT_ID, VERSION_INFO, DEL, CREATE_TIME, UPDATE_TIME) VALUES ('1', '1', 'V0.0.9', 1, '2020-12-04 15:34:27.000000', '2020-12-04 15:34:29.000000');
INSERT INTO  YCC_API_PROJECTS_VERSIONS (ID, PROJECT_ID, VERSION_INFO, DEL, CREATE_TIME, UPDATE_TIME) VALUES ('1334777846630379522', '1334777846227726337', 'V0.0.1', 1, '2020-12-04 16:33:32.000000', '2020-12-04 16:33:32.000000');
INSERT INTO  YCC_API_PROJECTS_VERSIONS (ID, PROJECT_ID, VERSION_INFO, DEL, CREATE_TIME, UPDATE_TIME) VALUES ('1334778114847731714', '1334778113375531010', 'default', 1, '2020-12-04 16:34:36.000000', '2020-12-04 16:34:36.000000');
INSERT INTO  YCC_API_PROJECTS_VERSIONS (ID, PROJECT_ID, VERSION_INFO, DEL, CREATE_TIME, UPDATE_TIME) VALUES ('1334778138256142337', '1334778134128947201', 'default', 1, '2020-12-04 16:34:42.000000', '2020-12-04 16:34:42.000000');
INSERT INTO  YCC_API_PROJECTS_VERSIONS (ID, PROJECT_ID, VERSION_INFO, DEL, CREATE_TIME, UPDATE_TIME) VALUES ('1335941608895455233', '1335941608622825474', 'default', 1, '2020-12-07 21:37:55.000000', '2020-12-07 21:37:55.000000');
INSERT INTO  YCC_API_PROJECTS_VERSIONS (ID, PROJECT_ID, VERSION_INFO, DEL, CREATE_TIME, UPDATE_TIME) VALUES ('1344472245656231938', '1', 'asd', 1, '2020-12-31 10:35:37.000000', '2020-12-31 10:35:37.000000');
INSERT INTO  YCC_API_PROJECTS_VERSIONS (ID, PROJECT_ID, VERSION_INFO, DEL, CREATE_TIME, UPDATE_TIME) VALUES ('1344472360915705857', '1', 'V1.0.0', 1, '2020-12-31 10:36:05.000000', '2020-12-31 10:36:05.000000');
INSERT INTO  YCC_API_PROJECTS_VERSIONS (ID, PROJECT_ID, VERSION_INFO, DEL, CREATE_TIME, UPDATE_TIME) VALUES ('1344475363907338242', '1', 'tttt', 1, '2020-12-31 10:48:01.000000', '2020-12-31 10:48:01.000000');
INSERT INTO  YCC_API_PROJECTS_VERSIONS (ID, PROJECT_ID, VERSION_INFO, DEL, CREATE_TIME, UPDATE_TIME) VALUES ('1344475743651233794', '1', 'dd', 1, '2020-12-31 10:49:31.000000', '2020-12-31 10:49:31.000000');
INSERT INTO  YCC_API_PROJECTS_VERSIONS (ID, PROJECT_ID, VERSION_INFO, DEL, CREATE_TIME, UPDATE_TIME) VALUES ('1344475795476054017', '1', 'dd', 1, '2020-12-31 10:49:43.000000', '2020-12-31 10:49:43.000000');
INSERT INTO  YCC_API_PROJECTS_VERSIONS (ID, PROJECT_ID, VERSION_INFO, DEL, CREATE_TIME, UPDATE_TIME) VALUES ('1344476469265825794', '1', 'sdasda', 1, '2020-12-31 10:52:24.000000', '2020-12-31 10:52:24.000000');
INSERT INTO  YCC_API_PROJECTS_VERSIONS (ID, PROJECT_ID, VERSION_INFO, DEL, CREATE_TIME, UPDATE_TIME) VALUES ('1344476814087946242', '1', 'asdsadas', 1, '2020-12-31 10:53:46.000000', '2020-12-31 10:53:46.000000');
INSERT INTO  YCC_API_PROJECTS_VERSIONS (ID, PROJECT_ID, VERSION_INFO, DEL, CREATE_TIME, UPDATE_TIME) VALUES ('1344477934692728834', '1', 'V1.0.0', 0, '2020-12-31 10:58:13.000000', '2020-12-31 10:58:13.000000');
INSERT INTO  YCC_API_PROJECTS_VERSIONS (ID, PROJECT_ID, VERSION_INFO, DEL, CREATE_TIME, UPDATE_TIME) VALUES ('1344486289968594946', '1', 'trs', 1, '2020-12-31 11:31:26.000000', '2020-12-31 11:31:26.000000');
INSERT INTO  YCC_API_PROJECTS_VERSIONS (ID, PROJECT_ID, VERSION_INFO, DEL, CREATE_TIME, UPDATE_TIME) VALUES ('1344489673467494401', '1', 'master', 1, '2020-12-31 11:44:52.000000', '2020-12-31 11:44:52.000000');
INSERT INTO  YCC_API_PROJECTS_VERSIONS (ID, PROJECT_ID, VERSION_INFO, DEL, CREATE_TIME, UPDATE_TIME) VALUES ('1344489885745414145', '1', 'master', 0, '2020-12-31 11:45:43.000000', '2020-12-31 11:45:43.000000');
INSERT INTO  YCC_API_PROJECTS_VERSIONS (ID, PROJECT_ID, VERSION_INFO, DEL, CREATE_TIME, UPDATE_TIME) VALUES ('1344609122324086785', '1', 'master2', 1, '2020-12-31 19:39:31.000000', '2020-12-31 19:39:31.000000');
INSERT INTO  YCC_API_PROJECTS_VERSIONS (ID, PROJECT_ID, VERSION_INFO, DEL, CREATE_TIME, UPDATE_TIME) VALUES ('2', '1', 'V0.0.9-E1', 1, '2020-12-04 15:34:46.000000', '2020-12-04 15:34:49.000000');
INSERT INTO  YCC_API_VIEW_GROUP (ID, PROJECT_ID, HAS_PASS, SHOW_PASS, IS_EXP, EXP_DATE, VIEW_GROUP_NAME, CREATE_USER_ID, IS_TESTABLE, DEL, CREATE_TIME, UPDATE_TIME) VALUES ('1346009697747374081', '1', 1, 'e046', 1, '2021-01-01 16:24:54.000000', '测试视图1', '1', 0, 0, '2021-01-04 16:24:54.000000', '2021-01-04 16:24:54.000000');
INSERT INTO  YCC_API_VIEW_GROUP (ID, PROJECT_ID, HAS_PASS, SHOW_PASS, IS_EXP, EXP_DATE, VIEW_GROUP_NAME, CREATE_USER_ID, IS_TESTABLE, DEL, CREATE_TIME, UPDATE_TIME) VALUES ('1346074934717231106', '1', 1, 'a2i2', 1, '2021-02-04 20:44:08.000000', '测试视图222', '1', 0, 0, '2021-01-04 20:44:08.000000', '2021-01-04 20:44:08.000000');
INSERT INTO  YCC_API_VIEW_GROUP (ID, PROJECT_ID, HAS_PASS, SHOW_PASS, IS_EXP, EXP_DATE, VIEW_GROUP_NAME, CREATE_USER_ID, IS_TESTABLE, DEL, CREATE_TIME, UPDATE_TIME) VALUES ('1346269829064466434', '1', 1, '6b45', null, null, '测试视图01', '1', 0, 0, '2021-01-05 09:38:34.000000', '2021-01-05 09:38:34.000000');
INSERT INTO  YCC_API_VIEW_GROUP (ID, PROJECT_ID, HAS_PASS, SHOW_PASS, IS_EXP, EXP_DATE, VIEW_GROUP_NAME, CREATE_USER_ID, IS_TESTABLE, DEL, CREATE_TIME, UPDATE_TIME) VALUES ('1346271832947699714', '1', 0, null, 1, '2022-01-05 09:46:32.000000', 'w(ﾟДﾟ)w', '1', 0, 0, '2021-01-05 09:46:32.000000', '2021-01-05 09:46:32.000000');
INSERT INTO  YCC_API_VIEW_GROUP (ID, PROJECT_ID, HAS_PASS, SHOW_PASS, IS_EXP, EXP_DATE, VIEW_GROUP_NAME, CREATE_USER_ID, IS_TESTABLE, DEL, CREATE_TIME, UPDATE_TIME) VALUES ('1346289630927269889', '1', 1, '4546465', 1, '2021-02-05 10:57:16.000000', 'a阿斯顿', '1', 0, 0, '2021-01-05 10:57:16.000000', '2021-01-05 10:57:16.000000');
INSERT INTO  YCC_API_VIEW_VERSIONS (ID, VIEW_GROUP_ID, PROJECT_VERSION_ID, DEL, CREATE_TIME, UPDATE_TIME) VALUES ('1346009698858991616', '1346009697747374081', '1344477934692728834', 0, '2021-01-04 08:24:54.000000', '2021-01-04 08:24:54.000000');
INSERT INTO  YCC_API_VIEW_VERSIONS (ID, VIEW_GROUP_ID, PROJECT_VERSION_ID, DEL, CREATE_TIME, UPDATE_TIME) VALUES ('1346074936036294656', '1346074934717231106', '1344477934692728834', 0, '2021-01-04 12:44:07.000000', '2021-01-04 12:44:07.000000');
INSERT INTO  YCC_API_VIEW_VERSIONS (ID, VIEW_GROUP_ID, PROJECT_VERSION_ID, DEL, CREATE_TIME, UPDATE_TIME) VALUES ('1346074936371838976', '1346074934717231106', '1344489885745414145', 0, '2021-01-04 12:44:07.000000', '2021-01-04 12:44:07.000000');
INSERT INTO  YCC_API_VIEW_VERSIONS (ID, VIEW_GROUP_ID, PROJECT_VERSION_ID, DEL, CREATE_TIME, UPDATE_TIME) VALUES ('1346269830285135872', '1346269829064466434', '1344489885745414145', 0, '2021-01-05 01:38:33.000000', '2021-01-05 01:38:33.000000');
INSERT INTO  YCC_API_VIEW_VERSIONS (ID, VIEW_GROUP_ID, PROJECT_VERSION_ID, DEL, CREATE_TIME, UPDATE_TIME) VALUES ('1346271834159980544', '1346271832947699714', '1344489885745414145', 0, '2021-01-05 01:46:31.000000', '2021-01-05 01:46:31.000000');
INSERT INTO  YCC_API_VIEW_VERSIONS (ID, VIEW_GROUP_ID, PROJECT_VERSION_ID, DEL, CREATE_TIME, UPDATE_TIME) VALUES ('1346271834587799552', '1346271832947699714', '1344477934692728834', 0, '2021-01-05 01:46:31.000000', '2021-01-05 01:46:31.000000');
INSERT INTO  YCC_API_VIEW_VERSIONS (ID, VIEW_GROUP_ID, PROJECT_VERSION_ID, DEL, CREATE_TIME, UPDATE_TIME) VALUES ('1346289631309078528', '1346289630927269889', '1344477934692728834', 0, '2021-01-05 02:57:14.000000', '2021-01-05 02:57:14.000000');