create table YCC_API_GROUP
(
    ID VARCHAR(64) not null,
    PROJECT_VERSION_ID VARCHAR(64),
    GROUP_NAME VARCHAR(100),
    SORT INT,
    DEL INT default 0 not null,
    CREATE_TIME DATETIME not null,
    UPDATE_TIME DATETIME,
    primary key (ID)
);

create table YCC_API_INFO
(
    ID VARCHAR(64) not null,
    GROUP_ID VARCHAR(64) default '0',
    API_URL VARCHAR(200),
    REQ_METHOD VARCHAR(20),
    REQ_HEADERS VARCHAR(255),
    REQ_DATA_TYPE VARCHAR(50),
    REQ_CONTENT TEXT,
    RES_DATA_TYPE VARCHAR(50),
    RES_CONTENT TEXT,
    PROJECT_VERSION_ID VARCHAR(64),
    API_DESC VARCHAR(200),
    STATUS INT,
    DEL INT default 0 not null,
    CREATE_TIME DATETIME not null,
    UPDATE_TIME DATETIME,
    primary key (ID)
);

comment on column YCC_API_INFO.STATUS is '1正常  2维护 3废弃';

create index API_DESC_INDEX
    on YCC_API_INFO (API_DESC);

create index API_URL_INDEX
    on YCC_API_INFO (API_URL);

create table YCC_API_PROJECTS
(
    ID VARCHAR(64) not null,
    PROJECT_DESC VARCHAR(150),
    PROJECT_NAME VARCHAR(50),
    PROFILE_TEST_URL VARCHAR(100),
    PROFILE_DEV_URL VARCHAR(200),
    DEF_VERSION_ID VARCHAR(64),
    DEL INT default 0 not null,
    CREATE_TIME DATETIME not null,
    UPDATE_TIME DATETIME,
    primary key (ID)
);

create table YCC_API_PROJECTS_VERSIONS
(
    ID VARCHAR(64) not null,
    PROJECT_ID VARCHAR(150),
    VERSION_INFO VARCHAR(50),
    DEL INT default 0 not null,
    CREATE_TIME DATETIME not null,
    UPDATE_TIME DATETIME,
    primary key (ID)
);

create index PROJECT_ID_INDEX
    on YCC_API_PROJECTS_VERSIONS (PROJECT_ID);

create table YCC_API_VIEW_GROUP
(
    ID VARCHAR(64) not null,
    PROJECT_ID VARCHAR(64),
    HAS_PASS INT not null,
    SHOW_PASS VARCHAR(100),
    IS_EXP INT,
    EXP_DATE DATETIME,
    VIEW_GROUP_NAME VARCHAR(100),
    CREATE_USER_ID VARCHAR(64),
    IS_TESTABLE INT default 0 not null,
    DEL INT default 0 not null,
    CREATE_TIME DATETIME not null,
    UPDATE_TIME DATETIME,
    primary key (ID)
);

comment on column YCC_API_VIEW_GROUP.HAS_PASS is '是否启用密码';

comment on column YCC_API_VIEW_GROUP.SHOW_PASS is '密码';

comment on column YCC_API_VIEW_GROUP.IS_EXP is '是否开启过期机制';

comment on column YCC_API_VIEW_GROUP.EXP_DATE is '过期日期';

comment on column YCC_API_VIEW_GROUP.IS_TESTABLE is '是否开启测试功能';

create index VIEWGROUPNASMEINDEX
    on YCC_API_VIEW_GROUP (VIEW_GROUP_NAME);

create table YCC_API_VIEW_GROUP_VISIT_LOG
(
    ID VARCHAR(64) not null,
    VIEW_GROUP_ID VARCHAR(64),
    IP_ADDR VARCHAR(50),
    VISIT_INFO VARCHAR(64),
    LAST_CLOSE_TIME DATETIME,
    DEL INT default 0 not null,
    CREATE_TIME DATETIME,
    UPDATE_TIME DATETIME,
    primary key (ID)
);

comment on column YCC_API_VIEW_GROUP_VISIT_LOG.LAST_CLOSE_TIME is '最后关闭时间';

create table YCC_API_VIEW_VERSIONS
(
    ID VARCHAR(64) not null,
    VIEW_GROUP_ID VARCHAR(64),
    PROJECT_VERSION_ID VARCHAR(64),
    DEL INT default 0 not null,
    CREATE_TIME DATETIME not null,
    UPDATE_TIME DATETIME,
    primary key (ID)
);

comment on column YCC_API_VIEW_VERSIONS.VIEW_GROUP_ID is '视图ID';

comment on column YCC_API_VIEW_VERSIONS.PROJECT_VERSION_ID is '版本ID';

create index PROJECT_VERSION_ID_INDEX
    on YCC_API_VIEW_VERSIONS (PROJECT_VERSION_ID);

create index VIEW_GROUP_ID_INDEX
    on YCC_API_VIEW_VERSIONS (VIEW_GROUP_ID);

create table YCC_DATA_TYPE
(
    ID VARCHAR(64) not null,
    TYPE_NAME VARCHAR(50),
    TYPE_DESC VARCHAR(100),
    DEL INT default 0 not null,
    CREATE_TIME DATETIME not null,
    UPDATE_TIME DATETIME,
    primary key (ID)
);

create table YCC_MENU
(
    ID VARCHAR(64) not null,
    PARENT_ID VARCHAR(64),
    MENU_NAME VARCHAR(50),
    ROUTE_PATH VARCHAR(100),
    MENU_THEME VARCHAR(100),
    IS_MENU INT default 1,
    PERM_CODE VARCHAR(50),
    DEL INT default 0 not null,
    SORT INT,
    CREATE_TIME DATETIME not null,
    UPDATE_TIME DATETIME,
    primary key (ID)
);

comment on column YCC_MENU.IS_MENU is '是否是菜单 1是 0否';

comment on column YCC_MENU.PERM_CODE is '菜单权限编码';

create index IS_MENU_INDEX
    on YCC_MENU (IS_MENU);

create table YCC_ROLE
(
    ID VARCHAR(64) not null,
    ROLE_NAME VARCHAR(100),
    ROLE_CODE VARCHAR(100),
    ROLE_DESC VARCHAR(150),
    DEL INT default 0 not null,
    CREATE_TIME DATETIME not null,
    UPDATE_TIME DATETIME,
    primary key (ID)
);

create table YCC_ROLE_MENU
(
    ID VARCHAR(64) not null,
    ROLE_ID VARCHAR(100),
    MENU_ID VARCHAR(100),
    DEL INT default 0 not null,
    CREATE_TIME DATETIME not null,
    UPDATE_TIME DATETIME,
    primary key (ID)
);

create table YCC_SYS_CONFIG
(
    ID VARCHAR(64) not null,
    CONFIG_TYPE INT default 1,
    CONFIG_KEY VARCHAR(100),
    CONFIG_VALUE VARCHAR(100),
    CONFIG_CONTENT TEXT,
    CONFIG_DESC VARCHAR(100),
    DEL INT default 0 not null,
    CREATE_TIME DATETIME not null,
    UPDATE_TIME DATETIME,
    primary key (ID)
);

comment on column YCC_SYS_CONFIG.CONFIG_TYPE is '1普通配置  2json配置';

create table YCC_SYS_LOGS
(
    ID VARCHAR(64) not null,
    SUCCESSED INT default 1,
    LOG_INFO VARCHAR(50),
    IP_ADDR VARCHAR(20),
    USER_ID VARCHAR(64),
    INVOKE_TIMES BIGINT,
    CLASS_METHOD VARCHAR(255),
    REQ_URL VARCHAR(150),
    REQ_METHOD VARCHAR(20),
    REQ_HEADER TEXT,
    REQ_DATA TEXT,
    RESP_DATA TEXT,
    ERROR_MSG TEXT,
    DEL INT default 0 not null,
    CREATE_TIME DATETIME not null,
    UPDATE_TIME DATETIME,
    primary key (ID)
);

comment on column YCC_SYS_LOGS.SUCCESSED is '1成功  0失败';

create index SYS_LOG_CREATE_TIME_INDEX
    on YCC_SYS_LOGS (CREATE_TIME);

create index SYS_LOG_INFO_INDEX
    on YCC_SYS_LOGS (LOG_INFO);

create index SYS_LOG_INVOKE_TIMES_INDEX
    on YCC_SYS_LOGS (INVOKE_TIMES);

create index SYS_LOG_REQ_URL_INDEX
    on YCC_SYS_LOGS (REQ_URL);

create table YCC_TEST_HIS
(
    ID VARCHAR(64) not null,
    API_INFO_ID VARCHAR(64),
    URL VARCHAR(200),
    METHOD VARCHAR(20),
    TEST_REQ_CONTENT VARCHAR(200),
    TEST_REQ_HEADERS VARCHAR(64),
    TEST_RES_INFO VARCHAR(255),
    DEL INT default 0 not null,
    CREATE_TIME DATETIME not null,
    UPDATE_TIME DATETIME,
    primary key (ID)
);

create table YCC_USER
(
    ID VARCHAR(64) not null,
    USERNAME VARCHAR(100),
    EMAIL VARCHAR(60),
    PASSWORD VARCHAR(100),
    PASS_SALT VARCHAR(100),
    ROLE_ID VARCHAR(64),
    DEL INT default 0 not null,
    CREATE_TIME DATETIME not null,
    UPDATE_TIME DATETIME,
    primary key (ID)
);


-- 初始化数据

INSERT INTO  YCC_DATA_TYPE (ID, TYPE_NAME, TYPE_DESC, DEL, CREATE_TIME, UPDATE_TIME) VALUES ('1', 'String', '字符串类型', 0, '2020-12-02 20:47:01.000000', '2020-12-05 09:14:59.000000');
INSERT INTO  YCC_DATA_TYPE (ID, TYPE_NAME, TYPE_DESC, DEL, CREATE_TIME, UPDATE_TIME) VALUES ('1334422572912492545', 'Byte', '字节类型', 1, '2020-12-03 17:01:48.000000', '2020-12-03 20:06:24.000000');
INSERT INTO  YCC_DATA_TYPE (ID, TYPE_NAME, TYPE_DESC, DEL, CREATE_TIME, UPDATE_TIME) VALUES ('1334469152125026305', 'Long', '长数值类型', 1, '2020-12-03 20:06:54.000000', '2020-12-03 20:06:54.000000');
INSERT INTO  YCC_DATA_TYPE (ID, TYPE_NAME, TYPE_DESC, DEL, CREATE_TIME, UPDATE_TIME) VALUES ('1334470832237371394', 'Long', '长数字类型', 1, '2020-12-03 20:13:34.000000', '2020-12-03 20:13:34.000000');
INSERT INTO  YCC_DATA_TYPE (ID, TYPE_NAME, TYPE_DESC, DEL, CREATE_TIME, UPDATE_TIME) VALUES ('1334780572277862402', 'Long', '长数值', 1, '2020-12-04 16:44:22.000000', '2020-12-04 16:44:22.000000');
INSERT INTO  YCC_DATA_TYPE (ID, TYPE_NAME, TYPE_DESC, DEL, CREATE_TIME, UPDATE_TIME) VALUES ('1342685653936177154', 'Array', '数组类型', 0, '2020-12-26 12:16:20.000000', '2020-12-26 12:16:20.000000');
INSERT INTO  YCC_DATA_TYPE (ID, TYPE_NAME, TYPE_DESC, DEL, CREATE_TIME, UPDATE_TIME) VALUES ('1345909976420724738', '2', '去', 1, '2021-01-04 09:48:39.000000', '2021-01-04 09:48:39.000000');
INSERT INTO  YCC_DATA_TYPE (ID, TYPE_NAME, TYPE_DESC, DEL, CREATE_TIME, UPDATE_TIME) VALUES ('2', 'Number', '数值类型', 0, '2020-12-02 20:47:40.000000', '2020-12-04 08:45:58.000000');
INSERT INTO  YCC_DATA_TYPE (ID, TYPE_NAME, TYPE_DESC, DEL, CREATE_TIME, UPDATE_TIME) VALUES ('3', 'Boolean', '布尔类型', 0, '2020-12-02 20:48:18.000000', '2020-12-02 20:48:20.000000');
INSERT INTO  YCC_MENU (ID, PARENT_ID, MENU_NAME, ROUTE_PATH, MENU_THEME, IS_MENU, PERM_CODE, DEL, SORT, CREATE_TIME, UPDATE_TIME) VALUES ('1', '0', '文档管理', null, null, 1, null, 0, 1, '2020-11-26 15:15:12.000000', '2020-11-26 15:15:16.000000');
INSERT INTO  YCC_MENU (ID, PARENT_ID, MENU_NAME, ROUTE_PATH, MENU_THEME, IS_MENU, PERM_CODE, DEL, SORT, CREATE_TIME, UPDATE_TIME) VALUES ('10', '3', '邮箱配置', '/email-rule', '#2D8CF0', 1, null, 0, 1, '2020-11-26 15:31:23.000000', '2020-11-26 15:31:27.000000');
INSERT INTO  YCC_MENU (ID, PARENT_ID, MENU_NAME, ROUTE_PATH, MENU_THEME, IS_MENU, PERM_CODE, DEL, SORT, CREATE_TIME, UPDATE_TIME) VALUES ('11', '3', '日志管理', '/logs', '#D2D6DE', 1, null, 0, 2, '2020-11-26 15:32:54.000000', '2020-11-26 15:32:56.000000');
INSERT INTO  YCC_MENU (ID, PARENT_ID, MENU_NAME, ROUTE_PATH, MENU_THEME, IS_MENU, PERM_CODE, DEL, SORT, CREATE_TIME, UPDATE_TIME) VALUES ('12', '4', '添加API', null, null, 0, 'api.project.add', 1, 1, '2020-11-28 14:46:33.000000', '2020-11-28 14:46:35.000000');
INSERT INTO  YCC_MENU (ID, PARENT_ID, MENU_NAME, ROUTE_PATH, MENU_THEME, IS_MENU, PERM_CODE, DEL, SORT, CREATE_TIME, UPDATE_TIME) VALUES ('1332708950979723266', '3', '测试菜单', '/re-build', '#E61248', 1, null, 1, 1, '2020-11-28 23:32:28.000000', '2020-11-28 23:32:51.000000');
INSERT INTO  YCC_MENU (ID, PARENT_ID, MENU_NAME, ROUTE_PATH, MENU_THEME, IS_MENU, PERM_CODE, DEL, SORT, CREATE_TIME, UPDATE_TIME) VALUES ('1332709180366209025', '1332708950979723266', 'sdsadsa', 'dsdadsa', '#00C0EF', 1, null, 1, 1, '2020-11-28 23:33:24.000000', '2020-11-28 23:33:32.000000');
INSERT INTO  YCC_MENU (ID, PARENT_ID, MENU_NAME, ROUTE_PATH, MENU_THEME, IS_MENU, PERM_CODE, DEL, SORT, CREATE_TIME, UPDATE_TIME) VALUES ('1332709839412932610', '1332709180366209025', '添加', null, '#00C0EF', 0, 'asdadsa.add', 1, null, '2020-11-28 23:36:01.000000', '2020-11-28 23:36:01.000000');
INSERT INTO  YCC_MENU (ID, PARENT_ID, MENU_NAME, ROUTE_PATH, MENU_THEME, IS_MENU, PERM_CODE, DEL, SORT, CREATE_TIME, UPDATE_TIME) VALUES ('1332710295010816002', '1332709180366209025', '修改', null, '#00C0EF', 0, 'ad.update', 1, 1, '2020-11-28 23:37:50.000000', '2020-11-28 23:37:50.000000');
INSERT INTO  YCC_MENU (ID, PARENT_ID, MENU_NAME, ROUTE_PATH, MENU_THEME, IS_MENU, PERM_CODE, DEL, SORT, CREATE_TIME, UPDATE_TIME) VALUES ('1332710400073936897', '1332709180366209025', 'r', null, '#00C0EF', 0, 'r', 1, 1, '2020-11-28 23:38:15.000000', '2020-11-28 23:38:15.000000');
INSERT INTO  YCC_MENU (ID, PARENT_ID, MENU_NAME, ROUTE_PATH, MENU_THEME, IS_MENU, PERM_CODE, DEL, SORT, CREATE_TIME, UPDATE_TIME) VALUES ('1332719826310828034', '3', 'ccsa', 'dsad', '#00C0EF', 1, null, 1, 1, '2020-11-29 00:15:42.000000', '2020-11-29 00:15:42.000000');
INSERT INTO  YCC_MENU (ID, PARENT_ID, MENU_NAME, ROUTE_PATH, MENU_THEME, IS_MENU, PERM_CODE, DEL, SORT, CREATE_TIME, UPDATE_TIME) VALUES ('1332719855251525634', '1332719826310828034', 'dsa', 'sdsa', '#00C0EF', 1, null, 1, 1, '2020-11-29 00:15:49.000000', '2020-11-29 00:15:49.000000');
INSERT INTO  YCC_MENU (ID, PARENT_ID, MENU_NAME, ROUTE_PATH, MENU_THEME, IS_MENU, PERM_CODE, DEL, SORT, CREATE_TIME, UPDATE_TIME) VALUES ('1332722542311411714', '1332719855251525634', 'adsa', 'sxss', '#00C0EF', 1, null, 1, 1, '2020-11-29 00:26:29.000000', '2020-11-29 00:26:29.000000');
INSERT INTO  YCC_MENU (ID, PARENT_ID, MENU_NAME, ROUTE_PATH, MENU_THEME, IS_MENU, PERM_CODE, DEL, SORT, CREATE_TIME, UPDATE_TIME) VALUES ('1332722575731625985', '1332722542311411714', 'as', null, '#00C0EF', 0, 'aaa', 1, 1, '2020-11-29 00:26:37.000000', '2020-11-29 00:26:37.000000');
INSERT INTO  YCC_MENU (ID, PARENT_ID, MENU_NAME, ROUTE_PATH, MENU_THEME, IS_MENU, PERM_CODE, DEL, SORT, CREATE_TIME, UPDATE_TIME) VALUES ('1332726591530278913', '3', 'asdsada', null, '#00C0EF', 1, null, 1, 1, '2020-11-29 00:42:35.000000', '2020-11-29 00:42:35.000000');
INSERT INTO  YCC_MENU (ID, PARENT_ID, MENU_NAME, ROUTE_PATH, MENU_THEME, IS_MENU, PERM_CODE, DEL, SORT, CREATE_TIME, UPDATE_TIME) VALUES ('1332726638284185602', '1332726591530278913', 'aaa', null, '#00C0EF', 0, 'zz', 1, 1, '2020-11-29 00:42:46.000000', '2020-11-29 00:42:46.000000');
INSERT INTO  YCC_MENU (ID, PARENT_ID, MENU_NAME, ROUTE_PATH, MENU_THEME, IS_MENU, PERM_CODE, DEL, SORT, CREATE_TIME, UPDATE_TIME) VALUES ('1332726687667920897', '1332726591530278913', 'zzz', null, '#00C0EF', 0, 'xxx', 1, 1, '2020-11-29 00:42:58.000000', '2020-11-29 00:42:58.000000');
INSERT INTO  YCC_MENU (ID, PARENT_ID, MENU_NAME, ROUTE_PATH, MENU_THEME, IS_MENU, PERM_CODE, DEL, SORT, CREATE_TIME, UPDATE_TIME) VALUES ('1332727328616292354', '3', 'asd', 'aasd', '#00C0EF', 1, null, 1, 1, '2020-11-29 00:45:31.000000', '2020-11-29 00:45:31.000000');
INSERT INTO  YCC_MENU (ID, PARENT_ID, MENU_NAME, ROUTE_PATH, MENU_THEME, IS_MENU, PERM_CODE, DEL, SORT, CREATE_TIME, UPDATE_TIME) VALUES ('1332727351336837122', '1332727328616292354', 'aas', null, '#00C0EF', 0, 's', 1, 1, '2020-11-29 00:45:36.000000', '2020-11-29 00:45:36.000000');
INSERT INTO  YCC_MENU (ID, PARENT_ID, MENU_NAME, ROUTE_PATH, MENU_THEME, IS_MENU, PERM_CODE, DEL, SORT, CREATE_TIME, UPDATE_TIME) VALUES ('1332934250611134466', '2', '菜单管理', '/menu-permission', '#EF0070', 1, null, 0, 1, '2020-11-29 14:27:45.000000', '2020-11-29 14:27:53.000000');
INSERT INTO  YCC_MENU (ID, PARENT_ID, MENU_NAME, ROUTE_PATH, MENU_THEME, IS_MENU, PERM_CODE, DEL, SORT, CREATE_TIME, UPDATE_TIME) VALUES ('2', '0', '人员管理', null, null, 1, null, 0, 2, '2020-11-26 15:15:37.000000', '2020-11-26 15:15:39.000000');
INSERT INTO  YCC_MENU (ID, PARENT_ID, MENU_NAME, ROUTE_PATH, MENU_THEME, IS_MENU, PERM_CODE, DEL, SORT, CREATE_TIME, UPDATE_TIME) VALUES ('3', '0', '系统管理', null, null, 1, null, 0, 3, '2020-11-26 15:16:22.000000', '2020-11-26 15:16:24.000000');
INSERT INTO  YCC_MENU (ID, PARENT_ID, MENU_NAME, ROUTE_PATH, MENU_THEME, IS_MENU, PERM_CODE, DEL, SORT, CREATE_TIME, UPDATE_TIME) VALUES ('4', '1', '项目管理', '/projects', '#00C0EF', 1, null, 0, 1, '2020-11-26 15:18:58.000000', '2020-11-26 15:19:00.000000');
INSERT INTO  YCC_MENU (ID, PARENT_ID, MENU_NAME, ROUTE_PATH, MENU_THEME, IS_MENU, PERM_CODE, DEL, SORT, CREATE_TIME, UPDATE_TIME) VALUES ('5', '1', '视图管理', '/views', '#F39C12', 1, null, 0, 2, '2020-11-26 15:20:53.000000', '2020-11-26 15:20:57.000000');
INSERT INTO  YCC_MENU (ID, PARENT_ID, MENU_NAME, ROUTE_PATH, MENU_THEME, IS_MENU, PERM_CODE, DEL, SORT, CREATE_TIME, UPDATE_TIME) VALUES ('6', '1', '数据类型管理', '/data-type', '#00A65A', 1, null, 0, 3, '2020-11-26 15:21:56.000000', '2020-11-26 15:21:58.000000');
INSERT INTO  YCC_MENU (ID, PARENT_ID, MENU_NAME, ROUTE_PATH, MENU_THEME, IS_MENU, PERM_CODE, DEL, SORT, CREATE_TIME, UPDATE_TIME) VALUES ('7', '2', '菜单管理', '/menu-permission', '#DD4B39', 1, null, 1, 1, '2020-11-26 15:22:53.000000', '2020-11-29 01:01:03.000000');
INSERT INTO  YCC_MENU (ID, PARENT_ID, MENU_NAME, ROUTE_PATH, MENU_THEME, IS_MENU, PERM_CODE, DEL, SORT, CREATE_TIME, UPDATE_TIME) VALUES ('8', '2', '角色配置', '/role-rule', '#F18894', 1, null, 0, 2, '2020-11-26 15:25:49.000000', '2020-11-26 15:25:51.000000');
INSERT INTO  YCC_MENU (ID, PARENT_ID, MENU_NAME, ROUTE_PATH, MENU_THEME, IS_MENU, PERM_CODE, DEL, SORT, CREATE_TIME, UPDATE_TIME) VALUES ('9', '2', '人员分配', '/user-member', '#605CA4', 1, null, 0, 3, '2020-11-26 15:28:30.000000', '2020-11-26 15:28:32.000000');
INSERT INTO  YCC_ROLE (ID, ROLE_NAME, ROLE_CODE, ROLE_DESC, DEL, CREATE_TIME, UPDATE_TIME) VALUES ('1', '超级管理员', 'Administrator', '拥有系统最高权限的角色', 0, '2020-11-24 21:23:41.000000', '2020-11-29 22:22:12.000000');
INSERT INTO  YCC_ROLE (ID, ROLE_NAME, ROLE_CODE, ROLE_DESC, DEL, CREATE_TIME, UPDATE_TIME) VALUES ('1333052852630761473', '数据类型维护人员', 'DATA_TYPE_UPDATE', '可以对数据类型进行新增修改等维护操作', 0, '2020-11-29 22:19:02.000000', '2020-11-29 22:19:02.000000');
INSERT INTO  YCC_ROLE (ID, ROLE_NAME, ROLE_CODE, ROLE_DESC, DEL, CREATE_TIME, UPDATE_TIME) VALUES ('1334033355824836609', '测试角色', 'TEST_USER', '用于测试权限控制', 0, '2020-12-02 15:15:12.000000', '2020-12-02 15:15:12.000000');
INSERT INTO  YCC_ROLE (ID, ROLE_NAME, ROLE_CODE, ROLE_DESC, DEL, CREATE_TIME, UPDATE_TIME) VALUES ('3', '普通用户', 'Simple', '普通用户只有查看权限', 1, '2020-11-25 09:30:54.000000', '2020-11-29 22:23:40.000000');
INSERT INTO  YCC_ROLE (ID, ROLE_NAME, ROLE_CODE, ROLE_DESC, DEL, CREATE_TIME, UPDATE_TIME) VALUES ('4', '文档维护人员', 'API_UD', '对文档进行编写可对文档管理分类型的菜单进行操作', 0, '2020-11-25 09:32:20.000000', '2020-11-29 22:24:11.000000');
INSERT INTO  YCC_ROLE_MENU (ID, ROLE_ID, MENU_ID, DEL, CREATE_TIME, UPDATE_TIME) VALUES ('1', '1', '1', 0, '2020-11-26 16:32:31.000000', '2020-11-26 16:32:36.000000');
INSERT INTO  YCC_ROLE_MENU (ID, ROLE_ID, MENU_ID, DEL, CREATE_TIME, UPDATE_TIME) VALUES ('10', '1', '10', 0, '2020-11-26 16:35:16.000000', '2020-11-26 16:35:18.000000');
INSERT INTO  YCC_ROLE_MENU (ID, ROLE_ID, MENU_ID, DEL, CREATE_TIME, UPDATE_TIME) VALUES ('11', '1', '11', 0, '2020-11-26 16:35:25.000000', '2020-11-26 16:35:27.000000');
INSERT INTO  YCC_ROLE_MENU (ID, ROLE_ID, MENU_ID, DEL, CREATE_TIME, UPDATE_TIME) VALUES ('12', '1', '12', 0, '2020-11-28 14:48:42.000000', '2020-11-28 14:48:44.000000');
INSERT INTO  YCC_ROLE_MENU (ID, ROLE_ID, MENU_ID, DEL, CREATE_TIME, UPDATE_TIME) VALUES ('13', '4', '1', 1, '2020-11-29 19:55:46.000000', '2020-11-29 19:55:49.000000');
INSERT INTO  YCC_ROLE_MENU (ID, ROLE_ID, MENU_ID, DEL, CREATE_TIME, UPDATE_TIME) VALUES ('1333034827313577984', '4', '2', 1, '2020-11-29 13:07:24.000000', '2020-11-29 13:07:24.000000');
INSERT INTO  YCC_ROLE_MENU (ID, ROLE_ID, MENU_ID, DEL, CREATE_TIME, UPDATE_TIME) VALUES ('1333034827653316608', '4', '1332934250611134466', 1, '2020-11-29 13:07:24.000000', '2020-11-29 13:07:24.000000');
INSERT INTO  YCC_ROLE_MENU (ID, ROLE_ID, MENU_ID, DEL, CREATE_TIME, UPDATE_TIME) VALUES ('1333034827938529280', '4', '8', 1, '2020-11-29 13:07:24.000000', '2020-11-29 13:07:24.000000');
INSERT INTO  YCC_ROLE_MENU (ID, ROLE_ID, MENU_ID, DEL, CREATE_TIME, UPDATE_TIME) VALUES ('1333035413136211968', '4', '1', 1, '2020-11-29 13:09:43.000000', '2020-11-29 13:09:43.000000');
INSERT INTO  YCC_ROLE_MENU (ID, ROLE_ID, MENU_ID, DEL, CREATE_TIME, UPDATE_TIME) VALUES ('1333035413480144896', '4', '4', 1, '2020-11-29 13:09:43.000000', '2020-11-29 13:09:43.000000');
INSERT INTO  YCC_ROLE_MENU (ID, ROLE_ID, MENU_ID, DEL, CREATE_TIME, UPDATE_TIME) VALUES ('1333035413819883520', '4', '5', 1, '2020-11-29 13:09:43.000000', '2020-11-29 13:09:43.000000');
INSERT INTO  YCC_ROLE_MENU (ID, ROLE_ID, MENU_ID, DEL, CREATE_TIME, UPDATE_TIME) VALUES ('1333035414155427840', '4', '6', 1, '2020-11-29 13:09:44.000000', '2020-11-29 13:09:44.000000');
INSERT INTO  YCC_ROLE_MENU (ID, ROLE_ID, MENU_ID, DEL, CREATE_TIME, UPDATE_TIME) VALUES ('1333035549581115392', '3', '3', 0, '2020-11-29 13:10:16.000000', '2020-11-29 13:10:16.000000');
INSERT INTO  YCC_ROLE_MENU (ID, ROLE_ID, MENU_ID, DEL, CREATE_TIME, UPDATE_TIME) VALUES ('1333035549878910976', '3', '11', 0, '2020-11-29 13:10:16.000000', '2020-11-29 13:10:16.000000');
INSERT INTO  YCC_ROLE_MENU (ID, ROLE_ID, MENU_ID, DEL, CREATE_TIME, UPDATE_TIME) VALUES ('1333042995229884416', '4', '1', 1, '2020-11-29 13:39:51.000000', '2020-11-29 13:39:51.000000');
INSERT INTO  YCC_ROLE_MENU (ID, ROLE_ID, MENU_ID, DEL, CREATE_TIME, UPDATE_TIME) VALUES ('1333042995565428736', '4', '4', 1, '2020-11-29 13:39:51.000000', '2020-11-29 13:39:51.000000');
INSERT INTO  YCC_ROLE_MENU (ID, ROLE_ID, MENU_ID, DEL, CREATE_TIME, UPDATE_TIME) VALUES ('1333042995905167360', '4', '5', 1, '2020-11-29 13:39:51.000000', '2020-11-29 13:39:51.000000');
INSERT INTO  YCC_ROLE_MENU (ID, ROLE_ID, MENU_ID, DEL, CREATE_TIME, UPDATE_TIME) VALUES ('1333042996278460416', '4', '6', 1, '2020-11-29 13:39:51.000000', '2020-11-29 13:39:51.000000');
INSERT INTO  YCC_ROLE_MENU (ID, ROLE_ID, MENU_ID, DEL, CREATE_TIME, UPDATE_TIME) VALUES ('1333042996614004736', '4', '3', 1, '2020-11-29 13:39:51.000000', '2020-11-29 13:39:51.000000');
INSERT INTO  YCC_ROLE_MENU (ID, ROLE_ID, MENU_ID, DEL, CREATE_TIME, UPDATE_TIME) VALUES ('1333042996949549056', '4', '11', 1, '2020-11-29 13:39:51.000000', '2020-11-29 13:39:51.000000');
INSERT INTO  YCC_ROLE_MENU (ID, ROLE_ID, MENU_ID, DEL, CREATE_TIME, UPDATE_TIME) VALUES ('1333054214376640512', '1333052852630761473', '1', 0, '2020-11-29 14:24:26.000000', '2020-11-29 14:24:26.000000');
INSERT INTO  YCC_ROLE_MENU (ID, ROLE_ID, MENU_ID, DEL, CREATE_TIME, UPDATE_TIME) VALUES ('1333054214649270272', '1333052852630761473', '6', 0, '2020-11-29 14:24:26.000000', '2020-11-29 14:24:26.000000');
INSERT INTO  YCC_ROLE_MENU (ID, ROLE_ID, MENU_ID, DEL, CREATE_TIME, UPDATE_TIME) VALUES ('1333415302079238144', '4', '1', 0, '2020-11-30 14:19:15.000000', '2020-11-30 14:19:15.000000');
INSERT INTO  YCC_ROLE_MENU (ID, ROLE_ID, MENU_ID, DEL, CREATE_TIME, UPDATE_TIME) VALUES ('1333415302435753984', '4', '4', 0, '2020-11-30 14:19:15.000000', '2020-11-30 14:19:15.000000');
INSERT INTO  YCC_ROLE_MENU (ID, ROLE_ID, MENU_ID, DEL, CREATE_TIME, UPDATE_TIME) VALUES ('1333415302775492608', '4', '5', 0, '2020-11-30 14:19:15.000000', '2020-11-30 14:19:15.000000');
INSERT INTO  YCC_ROLE_MENU (ID, ROLE_ID, MENU_ID, DEL, CREATE_TIME, UPDATE_TIME) VALUES ('1333415303111036928', '4', '6', 0, '2020-11-30 14:19:15.000000', '2020-11-30 14:19:15.000000');
INSERT INTO  YCC_ROLE_MENU (ID, ROLE_ID, MENU_ID, DEL, CREATE_TIME, UPDATE_TIME) VALUES ('1334033481947684864', '1334033355824836609', '1', 0, '2020-12-02 07:15:42.000000', '2020-12-02 07:15:42.000000');
INSERT INTO  YCC_ROLE_MENU (ID, ROLE_ID, MENU_ID, DEL, CREATE_TIME, UPDATE_TIME) VALUES ('1334033482300006400', '1334033355824836609', '4', 0, '2020-12-02 07:15:42.000000', '2020-12-02 07:15:42.000000');
INSERT INTO  YCC_ROLE_MENU (ID, ROLE_ID, MENU_ID, DEL, CREATE_TIME, UPDATE_TIME) VALUES ('1334033482635550720', '1334033355824836609', '5', 0, '2020-12-02 07:15:42.000000', '2020-12-02 07:15:42.000000');
INSERT INTO  YCC_ROLE_MENU (ID, ROLE_ID, MENU_ID, DEL, CREATE_TIME, UPDATE_TIME) VALUES ('1334033482983677952', '1334033355824836609', '6', 0, '2020-12-02 07:15:42.000000', '2020-12-02 07:15:42.000000');
INSERT INTO  YCC_ROLE_MENU (ID, ROLE_ID, MENU_ID, DEL, CREATE_TIME, UPDATE_TIME) VALUES ('1334033483319222272', '1334033355824836609', '2', 0, '2020-12-02 07:15:42.000000', '2020-12-02 07:15:42.000000');
INSERT INTO  YCC_ROLE_MENU (ID, ROLE_ID, MENU_ID, DEL, CREATE_TIME, UPDATE_TIME) VALUES ('1334033483726069760', '1334033355824836609', '9', 0, '2020-12-02 07:15:42.000000', '2020-12-02 07:15:42.000000');
INSERT INTO  YCC_ROLE_MENU (ID, ROLE_ID, MENU_ID, DEL, CREATE_TIME, UPDATE_TIME) VALUES ('1334033484065808384', '1334033355824836609', '3', 0, '2020-12-02 07:15:43.000000', '2020-12-02 07:15:43.000000');
INSERT INTO  YCC_ROLE_MENU (ID, ROLE_ID, MENU_ID, DEL, CREATE_TIME, UPDATE_TIME) VALUES ('1334033484434907136', '1334033355824836609', '10', 0, '2020-12-02 07:15:43.000000', '2020-12-02 07:15:43.000000');
INSERT INTO  YCC_ROLE_MENU (ID, ROLE_ID, MENU_ID, DEL, CREATE_TIME, UPDATE_TIME) VALUES ('14', '4', '1332934250611134466', 1, '2020-11-29 20:06:56.000000', '2020-11-29 20:06:59.000000');
INSERT INTO  YCC_ROLE_MENU (ID, ROLE_ID, MENU_ID, DEL, CREATE_TIME, UPDATE_TIME) VALUES ('2', '1', '2', 0, '2020-11-26 16:32:45.000000', '2020-11-26 16:32:47.000000');
INSERT INTO  YCC_ROLE_MENU (ID, ROLE_ID, MENU_ID, DEL, CREATE_TIME, UPDATE_TIME) VALUES ('3', '1', '3', 0, '2020-11-26 16:33:17.000000', '2020-11-26 16:33:19.000000');
INSERT INTO  YCC_ROLE_MENU (ID, ROLE_ID, MENU_ID, DEL, CREATE_TIME, UPDATE_TIME) VALUES ('4', '1', '4', 0, '2020-11-26 16:33:31.000000', '2020-11-26 16:33:32.000000');
INSERT INTO  YCC_ROLE_MENU (ID, ROLE_ID, MENU_ID, DEL, CREATE_TIME, UPDATE_TIME) VALUES ('5', '1', '5', 0, '2020-11-26 16:34:17.000000', '2020-11-26 16:34:19.000000');
INSERT INTO  YCC_ROLE_MENU (ID, ROLE_ID, MENU_ID, DEL, CREATE_TIME, UPDATE_TIME) VALUES ('6', '1', '6', 0, '2020-11-26 16:34:28.000000', '2020-11-26 16:34:31.000000');
INSERT INTO  YCC_ROLE_MENU (ID, ROLE_ID, MENU_ID, DEL, CREATE_TIME, UPDATE_TIME) VALUES ('7', '1', '1332934250611134466', 0, '2020-11-26 16:34:42.000000', '2020-11-26 16:34:44.000000');
INSERT INTO  YCC_ROLE_MENU (ID, ROLE_ID, MENU_ID, DEL, CREATE_TIME, UPDATE_TIME) VALUES ('8', '1', '8', 0, '2020-11-26 16:34:53.000000', '2020-11-26 16:34:55.000000');
INSERT INTO  YCC_ROLE_MENU (ID, ROLE_ID, MENU_ID, DEL, CREATE_TIME, UPDATE_TIME) VALUES ('9', '1', '9', 0, '2020-11-26 16:35:04.000000', '2020-11-26 16:35:07.000000');
INSERT INTO  YCC_SYS_CONFIG (ID, CONFIG_TYPE, CONFIG_KEY, CONFIG_VALUE, CONFIG_CONTENT, CONFIG_DESC, DEL, CREATE_TIME, UPDATE_TIME) VALUES ('1334005597031776257', 2, 'emailSendRule', null, '{"protocol":"smtp","host":"smtp.qq.com","port":"465","username":"1162280694@qq.com","password":"nxbtexihtgqfbaga","useSsl":true}', '发信服务邮箱配置', 0, '2020-12-02 13:24:54.000000', '2020-12-08 15:38:14.000000');
INSERT INTO  YCC_SYS_CONFIG (ID, CONFIG_TYPE, CONFIG_KEY, CONFIG_VALUE, CONFIG_CONTENT, CONFIG_DESC, DEL, CREATE_TIME, UPDATE_TIME) VALUES ('1334010384024526849', 2, 'adminInfo', null, '{"name":"小yu","email":"chaoqunyu9311@163.com","phone":"13939925701"}', '管理员信息', 0, '2020-12-02 13:43:55.000000', '2020-12-22 16:41:15.000000');
INSERT INTO  YCC_USER (ID, USERNAME, EMAIL, PASSWORD, PASS_SALT, ROLE_ID, DEL, CREATE_TIME, UPDATE_TIME) VALUES ('1', 'admin', 'chaoqunyu9311@163.com', 'edc726b79be21104e4d103baed62e545', '157cd4e3ee1d483c8df0945c585ad3c9', '1', 0, '2020-11-24 16:36:13.000000', '2021-01-05 16:02:25.000000');
